,2018q1,2018q2,2018q3,2018q4,2019q1,2019q2,2019q3,2019q4,2020q1,2020q2,2020q3
ABB,,,,,,,,,,,
ACB,49.2,33.3,33.7,29.6,30.3,29.2,23.4,22.7,17.8,22.8,22.5
BAB,23.5,22.0,20.6,20.5,20.9,20.5,18.0,18.0,17.4,18.3,17.4
BID,45.0,24.75,34.75,34.4,35.5,32.35,39.4,46.1,30.85,37.9,40.8
BVB,,,,,,,,,,,10.6
CTG,36.2,23.1,27.05,19.3,22.25,20.85,21.15,21.05,17.2,21.55,26.55
EIB,13.9,14.3,14.5,14.05,17.2,18.8,16.5,17.8,14.65,17.8,17.0
HDB,45.6,36.2,39.4,30.3,29.55,26.9,27.7,26.9,17.8,24.8,31.3
KLB,10.0,11.0,10.4,9.6,11.0,10.5,10.1,11.5,10.3,10.4,11.3
LPB,15.2,11.0,10.7,9.2,9.2,7.9,7.5,7.6,5.6,8.2,11.4
MBB,35.8,24.85,23.1,19.45,22.4,21.15,22.8,20.95,13.55,16.6,19.75
MSB,,,,,,,,,,,
NAB,,,,,,,,,,,
NVB,9.7,7.4,9.2,9.5,8.8,8.1,8.4,9.4,7.9,8.5,9.1
OCB,,,,,,,,,,,
PGB,,,,,,,,,,,
SGB,,,,,,,,,,,
SHB,13.1,7.8,9.0,7.2,7.7,6.8,6.6,6.4,12.2,13.0,15.4
SSB,,,,,,,,,,,
STB,15.8,11.1,13.85,11.95,12.4,11.55,10.55,10.1,7.3,10.75,13.8
TCB,,87.9,28.65,25.85,25.55,21.0,23.35,23.45,15.0,19.55,22.6
TPB,,27.0,26.2,19.95,22.6,22.9,22.4,21.1,17.15,20.6,23.45
VBB,,,,,,,14.5,15.8,15.0,13.0,12.3
VCB,74.0,58.1,62.5,53.5,67.8,71.3,82.1,91.0,62.0,80.3,84.1
VIB,40.3,25.8,29.6,17.6,19.2,16.5,18.0,17.5,12.8,17.4,27.7
VPB,68.0,27.7,26.4,19.95,20.25,19.4,22.05,19.8,16.95,20.45,23.75
AAA,23.5,18.25,17.25,14.7,17.3,18.75,15.35,12.6,9.39,12.05,12.15
AAM,10.5,10.8,14.3,13.4,14.8,11.4,11.95,12.8,11.5,10.75,11.6
AAT,,,,,,,,,,,
ABS,,,,,,,,,23.55,11.25,11.55
ABT,36.8,38.5,43.9,40.2,40.0,40.0,35.5,35.5,31.3,31.0,32.7
ACC,20.5,18.0,18.7,21.8,21.7,20.2,19.7,19.4,18.9,17.2,19.1
ACL,8.4,10.0,18.8,30.0,35.5,37.0,33.4,23.15,17.5,21.7,14.15
ADS,16.3,15.75,15.4,14.4,13.4,13.25,10.45,11.65,10.1,9.79,9.01
AGG,,,,,,,,,26.3,27.2,29.45
AGM,9.39,8.61,9.4,10.9,10.4,8.95,10.45,10.15,10.0,12.8,12.7
AMD,,3.52,3.65,2.65,2.25,1.75,1.52,2.02,2.74,3.0,2.6
ANV,23.2,20.3,22.0,28.5,25.9,27.6,26.05,22.8,12.55,16.7,19.15
APC,37.5,27.85,34.5,31.35,29.9,26.8,22.0,20.3,13.0,18.0,20.85
APH,,,,,,,,,,,74.4
ASG,,,,,,,,,,,47.05
ASM,11.35,12.15,12.65,7.8,7.88,7.09,7.48,6.79,3.42,5.4,8.76
ASP,7.6,7.05,6.78,6.2,6.25,6.3,7.55,7.1,4.9,5.4,6.04
AST,79.8,62.5,66.0,69.2,70.5,64.1,66.4,85.2,41.0,49.3,50.6
ATG,2.35,1.7,2.35,1.57,1.49,1.23,,0.68,0.54,0.65,0.67
ATP,,,,,,,,,,,
BBC,86.0,82.0,79.5,69.7,64.0,66.1,62.5,58.5,44.0,48.5,49.0
BCE,6.08,6.25,5.49,5.7,6.75,6.3,6.88,6.9,6.35,7.87,7.66
BCG,6.02,5.85,6.9,5.54,6.06,5.67,8.8,8.07,4.19,6.13,7.99
BCM,25.7,19.5,22.0,24.2,25.8,24.4,31.2,30.0,16.6,26.6,40.5
BFC,34.5,25.8,27.6,25.6,23.8,19.45,14.9,11.7,10.0,11.5,17.0
BHN,128.5,91.5,86.8,81.0,82.5,93.0,73.8,77.3,44.95,52.0,74.3
BMC,13.6,13.3,14.4,13.5,14.05,14.8,15.6,14.0,9.3,11.5,10.95
BMP,71.0,57.5,62.8,52.6,49.7,43.0,51.2,45.55,33.95,51.9,60.9
BRC,9.9,10.1,9.84,9.11,9.75,10.6,10.25,10.3,10.5,10.75,10.5
BTP,11.4,11.45,12.6,11.4,13.1,12.85,12.6,12.2,11.0,14.55,14.2
BTT,36.0,36.75,37.05,33.15,37.0,36.55,37.1,36.15,34.9,35.4,33.5
BWE,25.6,16.35,19.7,24.6,26.0,26.35,26.4,22.95,16.0,23.55,26.5
C32,37.3,25.8,30.9,26.1,29.6,27.4,21.25,22.7,20.2,22.8,26.2
C47,13.5,9.55,15.2,19.5,11.65,12.9,12.55,10.5,7.28,10.25,9.83
CAV,52.3,49.0,58.2,57.0,57.0,51.1,52.2,56.2,58.3,65.8,71.6
CCI,15.2,13.3,12.4,11.65,13.2,15.0,14.6,14.3,12.5,13.4,14.0
CCL,4.21,3.47,3.47,2.99,3.28,6.0,10.0,8.15,3.93,6.72,8.37
CDC,18.5,17.3,17.1,15.0,15.4,16.6,15.3,16.8,13.0,22.3,25.6
CEE,18.0,18.7,17.0,16.9,17.0,16.7,16.5,15.45,17.5,15.9,15.0
CHP,24.25,23.0,22.8,21.1,22.3,22.9,20.5,20.4,17.6,19.05,19.3
CIG,2.45,3.1,4.5,3.55,3.98,2.52,1.65,2.34,1.74,1.98,1.73
CII,30.2,25.6,27.2,26.3,24.8,21.7,22.0,22.6,18.1,18.15,18.05
CKG,,,,,,,,,7.79,10.4,11.15
CLC,34.1,29.4,33.95,34.0,35.45,34.75,32.5,33.0,23.15,26.8,28.8
CLG,3.67,3.1,2.9,2.51,2.58,2.09,1.72,2.73,1.78,1.43,1.18
CLL,30.0,27.6,27.5,24.0,29.4,26.5,28.0,26.5,29.0,27.6,29.1
CLW,19.0,17.1,18.0,17.35,21.6,17.0,22.0,19.7,26.85,23.25,25.0
CMG,31.55,20.8,23.8,24.0,29.65,38.0,37.6,35.2,22.5,31.05,34.7
CMV,23.0,22.0,11.2,17.5,13.15,17.3,10.7,17.95,18.4,13.6,13.2
CMX,4.81,4.7,6.79,15.2,22.15,22.85,23.3,14.7,10.5,14.4,16.35
CNG,28.7,28.5,26.6,26.0,26.7,22.85,23.15,24.4,19.2,20.65,20.6
COM,56.8,55.0,59.8,54.5,56.5,53.5,55.6,47.6,46.3,45.9,47.0
CRC,,,19.5,16.4,19.3,14.7,14.15,13.45,11.15,11.5,12.25
CRE,,,43.0,42.0,26.9,25.3,24.8,24.6,15.0,18.05,22.45
CSM,14.35,13.95,14.8,14.7,15.2,14.7,14.8,13.65,13.9,14.9,15.8
CSV,40.35,31.5,36.75,27.95,31.2,27.9,23.6,21.5,17.7,21.0,27.1
CTD,157.0,148.0,164.8,160.0,141.9,104.7,95.0,52.9,44.95,69.6,69.2
CTF,22.0,17.0,24.5,23.5,23.95,22.3,22.4,23.4,21.85,21.0,21.1
CTI,35.65,28.35,25.6,24.2,25.1,23.35,24.5,22.9,21.2,14.5,14.0
CVT,51.5,25.95,28.0,19.1,25.05,18.65,22.6,20.75,15.0,17.25,19.6
D2D,77.8,68.3,67.4,68.7,104.0,139.7,70.0,79.1,41.8,53.1,73.0
DAG,8.39,9.19,7.3,6.6,7.5,6.95,6.58,6.88,5.2,5.5,6.7
DAH,4.49,5.23,6.39,6.15,7.86,8.51,9.83,9.58,9.2,16.9,4.99
DAT,22.25,20.75,27.0,13.65,18.3,16.0,16.75,17.35,13.9,11.65,32.85
DBC,22.5,22.1,29.0,26.0,24.3,22.3,22.8,23.95,18.8,44.4,47.45
DBD,48.2,41.9,37.0,40.3,42.5,44.6,57.4,54.9,47.0,47.45,47.0
DBT,16.1,13.2,13.0,12.1,12.4,12.0,11.8,11.9,10.0,10.4,15.1
DC4,12.0,10.1,10.1,10.0,9.5,10.7,12.1,12.7,12.2,12.6,13.8
DCL,19.7,14.6,14.4,9.35,19.0,18.45,17.1,26.6,18.0,20.55,19.4
DCM,12.4,10.25,11.0,10.3,9.05,8.25,7.48,6.63,5.31,8.52,11.85
DGC,31.0,31.5,43.8,46.0,41.9,29.4,26.7,24.4,19.4,39.5,42.6
DGW,25.3,25.3,26.5,22.95,22.75,21.05,24.85,23.1,17.7,38.3,54.5
DHA,28.5,29.55,28.75,30.2,34.85,36.0,30.5,31.0,29.25,29.0,39.0
DHC,43.3,41.0,41.0,30.0,35.7,43.2,33.6,37.9,32.0,34.55,45.5
DHG,111.9,100.0,100.0,79.0,118.0,105.2,93.8,92.0,79.0,91.5,105.5
DHM,3.04,2.45,4.17,5.2,5.1,4.64,4.2,3.69,4.29,8.7,7.75
DIG,26.45,16.6,17.45,15.5,15.2,13.35,14.5,13.6,10.35,12.25,15.25
DLG,3.11,2.71,2.8,1.52,1.82,1.56,1.53,2.0,1.39,1.54,1.4
DMC,100.9,90.5,79.8,75.5,74.4,71.6,71.0,69.5,42.1,49.7,60.0
DPG,54.1,48.2,52.4,50.9,59.0,38.0,44.2,41.3,21.3,22.25,27.3
DPM,21.75,16.8,19.8,22.3,19.55,15.8,13.35,13.05,11.45,14.0,17.8
DPR,39.3,38.9,38.1,31.8,37.5,44.5,37.7,38.5,34.65,39.2,42.75
DQC,32.9,31.8,29.4,27.7,25.9,18.6,18.45,15.9,15.65,16.6,16.55
DRC,30.9,23.3,26.8,21.5,22.25,18.55,23.4,23.45,14.55,17.8,20.95
DRH,19.0,18.9,14.7,10.2,9.42,7.51,7.02,4.27,3.05,6.87,6.9
DRL,54.0,56.0,52.5,48.0,50.3,51.2,55.5,53.2,49.2,51.0,53.1
DSN,,54.5,58.5,62.9,58.9,57.8,59.2,59.0,41.65,45.6,44.85
DTA,7.81,7.1,6.91,7.16,6.0,6.24,6.24,5.8,3.46,3.99,4.34
DTL,55.1,48.3,47.0,40.2,41.0,27.3,25.65,26.65,18.1,10.1,8.5
DTT,11.5,17.7,10.85,8.89,10.05,12.4,12.0,13.5,12.2,12.6,8.94
DVP,62.3,49.4,47.6,42.0,38.6,37.7,42.0,36.4,28.0,33.8,41.3
DXG,37.4,26.3,29.0,23.8,22.45,18.75,17.45,14.65,7.75,11.2,10.1
DXV,3.88,3.7,3.8,3.6,3.5,2.87,3.4,3.5,2.88,2.45,3.8
E1VFVN30,19.1,15.33,16.45,14.31,14.94,14.55,15.46,14.66,10.75,13.3,14.52
ELC,13.35,9.9,9.3,7.68,6.7,6.78,6.25,5.9,4.16,5.72,7.0
EMC,16.4,13.45,13.6,14.75,13.3,13.5,12.9,13.35,12.0,15.3,16.5
EVE,17.2,16.35,16.4,15.45,16.0,13.85,11.4,10.8,7.75,9.5,10.2
EVG,5.2,5.16,4.04,2.85,2.83,2.71,2.6,2.61,2.24,4.18,4.82
FCM,5.65,6.25,7.75,6.74,7.55,6.8,6.72,6.3,5.48,6.38,6.13
FCN,20.9,16.5,16.55,14.9,14.85,14.45,13.1,10.05,6.79,9.8,11.6
FDC,27.0,18.5,14.3,16.2,13.3,13.1,16.9,15.6,8.98,11.95,14.55
FIR,,,,36.8,44.35,39.1,42.45,45.6,28.7,29.4,30.3
FIT,6.57,4.41,4.14,2.56,3.34,3.28,3.42,10.0,4.88,8.95,8.82
FLC,6.4,4.78,6.09,5.14,5.16,4.25,3.62,4.58,2.48,3.62,3.43
FMC,31.2,20.1,27.1,29.05,27.9,29.2,27.1,26.65,15.95,25.8,34.15
FPT,61.5,40.2,46.0,42.2,45.8,47.1,57.7,58.6,41.1,45.65,50.0
FRT,,78.0,76.0,71.9,49.2,60.0,45.3,22.5,11.15,22.0,24.0
FTM,15.0,16.05,16.0,16.3,20.2,23.65,3.18,1.94,1.23,1.47,1.42
FUCTVGF1,13.7,13.2,14.95,14.5,15.4,14.9,11.9,11.9,11.9,11.9,11.9
FUCTVGF2,,,12.0,10.1,10.9,11.0,10.25,11.1,10.35,9.54,9.54
FUCVREIT,11.0,9.0,9.1,8.73,9.9,8.2,7.3,6.35,6.26,7.12,5.3
FUEMAV30,,,,,,,,,,,
FUESSV30,,,,,,,,,,,10.68
FUESSV50,15.65,12.6,13.95,12.25,13.2,12.65,13.36,12.65,8.8,11.5,12.7
FUESSVFL,,,,,,,,,8.98,8.95,10.38
FUEVFVND,,,,,,,,,,11.63,13.37
FUEVN100,,,,,,,,,,,12.0
GAB,,,,,,,11.1,17.3,129.0,152.0,160.4
GAS,136.1,88.4,119.6,86.6,100.7,103.7,106.3,96.4,54.8,69.0,71.3
GDT,46.3,43.1,45.2,41.5,41.0,38.4,34.9,29.3,21.75,29.2,36.35
GEG,12.9,13.7,13.8,15.3,21.6,22.3,27.4,26.9,20.0,22.0,15.9
GEX,36.75,32.1,28.6,22.15,23.0,21.7,22.65,19.35,13.8,16.55,23.65
GIL,48.5,40.3,38.0,33.0,37.9,26.85,20.5,17.0,14.75,17.2,25.55
GMC,26.0,29.0,35.4,35.0,42.5,36.9,25.6,18.9,12.3,17.4,16.5
GMD,30.0,24.4,26.85,26.15,26.45,26.4,27.4,23.3,14.95,18.6,23.95
GSP,13.85,12.3,13.5,13.5,14.45,14.7,14.7,11.2,10.0,10.55,10.9
GTA,14.3,14.2,14.1,14.2,13.2,11.8,12.8,12.15,10.45,10.7,11.65
GTN,10.55,8.83,11.8,10.3,16.6,18.3,19.0,18.0,13.95,17.7,26.7
GVR,12.9,8.8,8.8,10.3,11.6,12.8,13.7,10.2,8.38,11.0,12.35
HAG,6.15,5.2,6.06,4.88,5.46,5.32,4.49,4.02,2.55,5.2,4.56
HAH,16.4,12.8,13.6,13.5,13.55,12.0,14.9,11.8,8.45,10.05,13.25
HAI,4.48,3.46,3.32,2.39,1.78,1.74,1.63,3.03,2.58,3.01,2.69
HAP,3.75,3.6,3.8,3.43,3.69,3.57,3.38,3.43,2.85,3.04,5.59
HAR,8.8,5.62,5.71,4.86,3.98,3.92,3.69,3.8,2.17,3.02,3.62
HAS,10.1,6.7,8.6,10.0,9.7,8.0,7.9,7.0,6.57,7.3,8.5
HAX,37.2,15.8,18.3,15.7,16.7,15.7,17.4,16.5,9.88,12.0,13.45
HBC,45.75,23.2,24.45,17.35,19.4,15.1,14.65,10.85,6.02,9.7,10.85
HCD,8.1,15.75,10.5,4.93,4.59,3.79,3.41,2.9,2.09,3.22,2.88
HDC,16.3,13.6,14.0,14.0,16.3,15.0,21.1,23.9,15.15,15.2,22.55
HDG,49.0,35.0,39.7,34.5,42.5,34.0,35.0,30.15,16.4,19.25,24.9
HHS,3.9,3.84,4.34,3.94,4.03,3.4,3.1,3.16,3.01,3.89,4.91
HID,3.09,2.85,3.09,2.45,2.66,2.29,2.33,2.45,1.85,2.56,2.81
HII,27.45,16.6,16.9,14.4,15.65,12.3,11.8,9.68,12.85,12.9,16.85
HMC,16.0,11.8,14.5,14.6,18.4,15.95,14.0,11.5,11.05,13.75,14.9
HNG,8.48,10.45,17.2,16.0,15.45,17.1,15.15,14.0,12.2,15.3,11.8
HOT,40.1,33.85,28.5,21.7,30.85,38.5,32.3,50.9,26.0,46.0,48.0
HPG,59.0,38.4,42.4,30.95,31.95,23.0,21.95,23.65,16.85,26.8,26.4
HPX,,,27.05,26.0,25.7,27.0,26.15,26.35,28.7,28.6,27.2
HQC,2.27,1.96,1.83,1.46,1.42,1.39,1.16,1.11,,1.62,1.69
HRC,24.25,36.0,35.0,30.5,40.0,38.0,46.5,40.5,37.7,41.05,39.75
HSG,22.8,11.3,12.7,6.51,9.17,7.7,6.7,7.95,4.55,11.45,15.65
HSL,,20.0,17.0,12.1,9.2,7.96,8.0,7.5,3.38,4.83,5.15
HT1,14.6,11.4,15.3,13.65,15.1,16.3,15.1,15.0,10.0,13.4,15.6
HTI,16.7,12.25,12.75,11.8,11.75,11.15,11.55,11.3,10.3,12.75,12.1
HTL,29.3,20.25,20.75,15.7,17.8,16.95,17.15,19.0,13.4,12.85,14.7
HTN,,,,23.0,21.15,20.9,19.95,17.7,15.0,18.15,25.2
HTV,16.2,16.45,15.5,15.0,15.4,14.6,14.7,13.75,13.3,13.6,12.5
HU1,10.5,9.5,10.25,11.5,8.5,9.5,8.8,8.4,6.63,5.79,6.0
HU3,13.1,12.7,9.9,10.0,9.2,9.0,8.85,7.66,6.82,8.2,7.87
HUB,,,,,18.3,19.0,20.5,20.5,16.6,18.3,22.2
HVH,,,,21.65,24.0,26.4,17.75,15.95,6.52,8.41,8.12
HVN,50.0,31.5,41.0,33.0,40.9,42.0,33.6,33.9,17.8,25.1,26.7
HVX,4.0,3.91,4.0,4.22,3.64,3.34,3.14,3.3,3.46,3.18,3.2
IBC,29.5,26.4,23.8,24.0,24.0,21.8,20.2,20.2,21.75,23.7,21.6
ICT,,,,,,,,,12.0,19.0,21.2
IDI,14.15,12.3,13.0,7.17,8.03,7.46,7.15,5.2,2.85,4.02,5.2
IJC,10.5,9.15,8.46,7.55,11.2,10.6,14.7,15.8,8.03,10.9,12.2
ILB,,,,,,17.7,18.7,16.8,14.0,17.5,16.9
IMP,63.0,55.5,53.7,60.9,51.5,46.7,50.0,48.3,42.4,56.5,48.0
ITA,3.0,2.45,2.84,3.06,3.3,3.1,3.25,2.75,1.83,4.38,4.55
ITC,15.0,14.2,13.1,12.0,12.1,12.3,16.1,15.9,13.3,12.8,15.0
ITD,11.3,11.8,12.9,10.6,11.75,11.5,11.35,9.6,7.3,9.2,9.6
JVC,4.62,3.13,2.93,3.01,3.12,2.8,3.55,3.4,2.07,3.43,5.0
KBC,13.75,11.6,12.95,13.15,14.7,14.8,15.0,15.45,11.1,13.85,14.2
KDC,38.4,33.3,28.8,24.2,21.5,19.2,20.35,19.5,14.4,28.4,36.5
KDH,37.0,30.8,34.5,33.0,32.0,23.85,25.5,27.0,18.5,23.2,24.25
KHP,9.6,9.4,10.45,10.2,10.35,9.5,9.95,9.64,8.78,8.44,6.2
KMR,4.09,3.54,3.4,3.29,2.88,3.05,2.5,2.66,2.05,2.29,2.22
KOS,24.7,19.8,18.9,24.3,21.4,22.7,26.6,27.8,27.5,32.9,30.9
KPF,29.4,30.6,29.6,33.2,29.7,29.8,26.5,24.6,22.5,15.5,14.1
KSB,39.9,33.5,33.8,25.5,27.5,23.3,21.1,17.25,12.2,21.25,30.35
L10,17.2,18.1,23.5,28.9,21.85,23.0,19.75,13.35,11.5,13.8,17.0
LAF,10.15,6.59,6.74,5.49,6.25,6.81,8.02,9.79,8.78,7.8,10.0
LBM,35.35,31.35,30.8,32.1,31.8,28.9,30.5,30.3,24.1,29.7,33.9
LCG,9.69,9.23,9.31,7.99,11.25,9.86,9.8,8.34,3.7,6.9,8.98
LCM,0.86,0.73,0.77,0.67,0.69,0.64,0.61,0.67,0.6,0.63,0.68
LDG,23.9,11.3,17.55,14.1,13.65,8.63,10.8,8.85,4.15,6.0,6.87
LEC,18.55,18.4,19.0,18.8,17.2,17.95,17.2,15.4,16.4,14.6,15.0
LGC,18.4,25.05,27.8,35.3,28.5,36.45,36.7,39.5,44.4,42.5,55.9
LGL,9.6,7.7,7.03,6.9,8.84,10.15,10.15,7.7,3.9,5.19,4.77
LHG,23.75,18.2,22.0,18.55,20.0,18.9,16.5,15.35,11.6,17.6,27.6
LIX,47.0,41.0,48.1,48.0,44.8,42.3,41.3,42.1,41.5,54.0,59.0
LM8,26.05,24.1,27.2,26.25,21.0,16.45,21.0,21.5,23.0,14.4,11.5
LSS,9.05,7.64,7.19,6.78,6.13,5.36,5.0,4.68,3.83,4.9,6.48
MCG,2.97,2.99,3.36,2.66,3.2,2.19,1.79,1.78,1.45,1.71,1.71
MCP,29.0,32.35,26.0,23.05,28.0,23.4,20.0,14.6,15.2,11.45,33.35
MDG,12.9,12.45,12.45,12.0,12.55,11.8,11.5,12.0,12.0,11.0,10.9
MHC,6.01,4.8,5.84,5.03,4.96,4.62,3.6,3.19,2.39,5.4,6.65
MSH,,,,41.0,50.6,60.1,56.5,44.3,23.3,32.95,33.05
MSN,114.6,76.0,93.9,77.5,88.0,85.6,78.5,57.1,49.0,54.1,54.6
MWG,110.1,107.0,127.0,87.0,84.1,94.7,126.1,114.0,58.9,80.8,104.3
NAF,15.3,12.7,12.5,15.5,15.1,19.8,22.1,25.6,22.5,23.7,20.8
NAV,5.51,4.33,5.4,7.63,9.68,8.5,8.2,13.9,19.0,20.0,23.0
NBB,17.8,19.6,19.3,20.4,19.1,20.8,20.4,20.25,19.5,19.5,19.6
NCT,102.5,92.0,78.1,71.6,70.0,69.9,73.4,69.6,46.0,64.6,66.9
NHH,82.9,75.0,92.0,34.3,33.3,34.0,41.1,44.6,36.5,43.75,54.0
NKG,32.65,15.05,15.6,7.91,7.35,6.25,5.58,6.9,4.4,7.14,8.37
NLG,38.4,28.1,32.65,25.8,27.4,29.15,27.8,27.5,20.0,24.5,25.75
NNC,46.85,50.4,50.9,47.5,49.9,55.0,50.1,48.5,42.3,45.6,46.9
NSC,108.5,110.6,116.0,90.0,90.5,86.0,82.0,88.8,73.5,63.0,73.0
NT2,,29.1,26.1,24.6,26.95,26.9,24.0,21.7,16.25,21.1,23.0
NTL,9.5,9.51,9.98,19.0,18.25,25.1,22.4,23.9,15.1,15.5,17.85
NVL,72.0,51.1,64.8,64.2,55.5,60.7,63.8,58.5,51.9,61.5,63.9
NVT,5.45,4.75,6.1,6.7,12.3,8.4,8.11,6.47,4.0,5.01,4.85
OGC,2.14,1.98,3.05,3.54,5.43,3.92,3.84,3.51,2.24,3.3,6.27
OPC,56.8,48.5,48.0,49.6,50.0,48.0,49.7,45.0,49.5,57.0,55.0
PAC,46.5,41.1,45.2,38.75,38.25,35.9,28.0,25.0,17.0,21.2,24.95
PAN,65.0,58.5,56.0,43.5,37.0,29.05,29.4,28.0,19.5,19.85,20.35
PC1,32.0,32.5,28.15,24.8,23.3,18.7,20.15,17.7,10.1,16.75,21.25
PDN,83.0,73.0,66.0,69.0,87.0,102.5,75.0,65.0,61.0,80.0,73.2
PDR,40.3,30.5,27.25,25.5,28.8,26.15,26.1,26.45,24.9,24.1,38.6
PET,10.5,9.22,9.2,8.1,9.01,7.65,7.59,7.63,6.45,8.33,9.72
PGC,15.2,14.2,15.1,14.5,15.8,14.6,14.35,14.2,11.9,13.0,19.3
PGD,37.25,40.0,37.0,37.7,34.7,33.5,35.0,52.7,23.5,28.5,26.7
PHC,17.2,15.9,,12.6,13.9,13.35,13.3,11.3,9.79,10.75,11.3
PHR,47.95,19.6,26.95,33.45,52.5,59.3,61.0,38.5,33.0,49.7,58.3
PIT,5.98,7.7,6.01,5.11,5.1,4.68,4.55,3.54,3.72,3.9,5.15
PJT,12.8,12.0,12.4,12.0,13.0,12.85,11.9,11.0,10.0,11.0,10.2
PLP,20.4,13.0,16.25,13.9,11.75,11.2,11.9,9.5,5.91,10.9,7.82
PLX,84.9,58.5,71.6,53.0,61.0,63.3,60.5,56.0,36.5,44.5,50.3
PME,83.6,73.5,72.0,63.5,58.0,48.7,54.9,54.3,56.0,64.3,70.1
PMG,25.25,22.65,21.6,19.25,20.45,19.75,19.2,17.8,11.95,12.35,12.25
PNC,18.9,15.2,14.1,18.0,15.8,12.9,13.4,14.3,10.85,9.7,8.85
PNJ,204.4,81.0,105.1,93.2,100.3,74.3,80.4,86.5,46.9,57.4,60.9
POM,17.8,16.0,18.0,8.29,8.85,5.9,6.4,6.0,4.35,5.55,5.25
POW,16.6,12.8,16.5,,15.3,15.0,12.9,11.5,7.09,9.7,10.25
PPC,19.2,17.0,20.25,18.1,24.5,29.3,25.6,27.0,21.1,24.05,23.7
PSH,,,,,,,,,,25.0,18.7
PTB,108.0,55.9,62.9,61.0,63.4,70.5,69.7,70.5,34.4,49.0,55.1
PTC,5.71,6.4,5.8,6.18,5.12,7.17,6.09,6.19,4.6,9.2,9.3
PTL,3.6,3.28,2.78,2.94,2.85,3.67,3.95,4.59,3.56,3.29,6.19
PVD,19.0,13.25,21.7,14.6,18.4,19.0,18.15,15.2,6.75,9.98,11.55
PVT,20.8,14.9,18.9,15.7,16.55,16.45,17.35,16.9,7.85,10.6,13.45
PXI,2.12,2.52,2.59,2.49,2.51,2.3,2.1,2.8,2.2,2.8,4.17
PXS,7.15,5.01,6.91,5.17,4.49,4.96,4.7,5.59,2.48,4.9,5.41
PXT,3.44,1.9,2.6,1.62,1.69,1.27,1.16,1.3,1.02,1.4,1.57
QBS,5.8,6.22,5.38,4.41,4.01,2.74,2.98,2.82,1.79,2.57,2.35
QCG,13.2,8.51,8.5,4.6,5.51,4.57,4.53,4.02,5.34,7.66,6.21
RAL,141.0,101.8,102.8,85.5,89.4,78.3,75.0,70.0,64.9,74.8,103.8
RDP,19.3,13.0,14.6,11.6,9.25,9.0,8.99,8.0,6.98,8.2,7.88
REE,38.2,30.65,36.5,30.8,31.6,32.0,38.15,36.65,27.3,30.65,40.2
RIC,,8.08,5.75,5.8,6.3,6.96,6.49,5.28,4.59,5.2,4.88
ROS,144.4,40.3,40.3,38.7,32.15,29.75,26.4,18.6,3.26,2.97,2.17
S4A,26.0,28.0,27.7,27.5,27.5,28.5,28.0,28.5,27.2,26.5,27.85
SAB,238.0,230.0,222.2,267.5,249.7,277.9,263.6,230.0,123.0,157.0,183.3
SAM,7.7,6.95,7.78,7.0,7.5,8.35,7.9,8.18,9.0,9.59,10.7
SAV,9.72,8.7,9.41,8.6,9.9,10.2,9.0,9.5,7.6,8.2,12.4
SBA,15.4,14.7,14.6,14.2,14.7,13.9,14.95,15.0,13.1,14.0,15.6
SBT,17.4,14.45,20.6,20.8,18.25,17.25,17.85,18.5,12.7,13.35,14.8
SBV,32.5,28.7,25.0,15.0,12.3,11.5,7.0,10.05,9.49,9.9,11.0
SC5,27.5,32.5,31.9,29.5,27.5,29.5,22.2,24.95,19.75,17.6,18.0
SCD,22.25,24.2,24.5,22.3,23.0,33.55,29.9,28.8,24.0,23.1,23.0
SCR,13.8,8.4,9.52,7.3,7.35,7.28,6.51,5.96,3.59,5.78,6.17
SCS,184.0,180.0,153.5,144.0,160.5,160.0,162.2,119.9,92.5,115.5,120.7
SFC,23.5,21.9,24.4,25.0,23.0,23.5,22.7,20.2,18.05,22.0,24.1
SFG,12.85,11.95,13.7,13.5,13.7,13.0,7.05,6.0,4.7,5.89,6.97
SFI,30.1,29.0,30.2,26.8,26.8,27.5,23.9,23.5,20.25,19.75,19.9
SGN,137.1,134.0,138.0,125.0,131.4,89.5,87.1,84.0,66.3,69.0,67.9
SGR,29.0,23.0,21.2,19.5,17.5,18.2,16.8,18.0,14.0,16.9,24.4
SGT,6.41,6.0,5.03,5.7,5.4,7.0,7.21,5.18,3.4,5.72,5.54
SHA,7.24,6.85,7.04,5.69,5.8,5.8,5.76,4.58,3.75,4.27,4.45
SHI,6.25,6.91,6.38,6.6,7.93,8.3,8.37,8.6,8.01,8.79,9.12
SHP,23.0,22.5,21.5,22.1,22.0,23.05,22.5,21.5,21.5,25.5,24.3
SII,21.0,21.0,21.9,17.15,18.9,17.95,18.8,18.0,19.95,17.3,18.0
SJD,23.0,26.4,26.9,21.4,21.5,20.8,20.2,17.5,15.7,17.15,18.45
SJF,15.2,23.1,21.9,8.65,4.0,2.86,2.58,2.22,1.16,2.41,2.3
SJS,30.45,20.0,19.3,18.9,23.0,20.0,16.3,17.2,14.7,23.45,23.4
SKG,27.3,19.3,24.0,17.5,15.0,12.2,11.05,12.85,7.1,9.9,9.6
SMA,13.9,13.9,13.0,13.1,16.0,16.0,14.1,14.8,14.85,12.3,10.2
SMB,,32.2,33.2,32.4,35.4,33.5,38.7,39.8,28.5,31.3,34.75
SMC,28.0,25.5,20.6,15.05,16.5,15.8,12.15,11.0,11.4,10.8,10.9
SPM,14.6,13.45,13.4,12.2,13.4,12.9,11.95,11.8,12.0,11.15,12.2
SRC,14.75,10.5,13.3,13.5,18.0,22.2,21.95,18.75,15.1,14.7,16.85
SRF,17.0,15.5,14.0,12.7,14.9,12.6,14.3,14.8,14.0,13.5,12.9
SSC,66.0,67.4,55.9,57.2,63.8,83.6,76.8,64.8,52.3,53.2,51.9
ST8,18.0,16.15,17.8,19.0,16.85,18.85,16.8,19.3,11.0,11.8,10.0
STG,20.0,18.9,19.95,18.8,17.0,13.0,13.25,16.5,15.35,14.2,14.8
STK,16.25,14.35,18.0,15.9,21.7,23.9,19.0,17.65,13.75,16.4,15.5
SVC,46.0,44.8,43.6,43.0,44.0,42.5,40.0,41.5,46.0,70.0,71.9
SVD,,,,,,,,,,,
SVI,40.0,42.4,46.6,50.0,49.0,50.0,47.2,62.0,63.1,71.9,72.0
SVT,6.53,6.64,6.0,7.5,6.05,6.7,7.51,7.99,7.7,20.8,13.25
SZC,,,,,16.7,19.2,18.3,17.5,12.6,18.4,26.35
SZL,35.15,34.7,32.75,30.8,40.2,45.0,48.0,43.0,28.2,39.9,49.0
TAC,53.9,45.7,34.4,29.0,29.2,26.2,25.2,25.0,19.8,34.5,40.0
TBC,24.0,24.0,24.5,25.0,26.2,25.9,24.9,22.5,22.5,24.0,24.3
TCD,17.6,14.95,12.85,13.5,14.0,13.7,12.05,10.75,9.95,9.59,9.95
TCH,21.0,21.5,23.5,17.75,22.6,21.8,24.15,32.1,16.5,21.3,21.55
TCL,28.4,25.5,25.6,25.0,24.2,25.85,28.15,20.6,14.9,23.5,29.1
TCM,24.1,18.85,29.0,23.0,30.8,27.85,22.95,19.0,11.4,19.3,23.25
TCO,13.7,11.9,11.2,11.5,12.25,9.52,9.2,10.9,12.05,9.96,8.51
TCR,2.89,2.6,2.52,2.38,1.88,1.64,1.64,2.12,2.53,2.81,3.5
TCT,64.0,63.9,61.1,58.5,60.1,54.0,45.8,44.0,29.65,27.1,28.45
TDC,8.91,8.75,9.09,7.63,8.9,8.38,8.78,8.5,6.24,7.96,9.07
TDG,12.45,12.45,8.15,3.12,3.0,2.25,2.0,1.78,1.58,1.78,2.39
TDH,15.5,13.8,11.65,10.1,10.7,9.98,10.75,10.05,5.79,8.45,7.71
TDM,17.8,17.0,19.5,20.1,29.5,32.3,28.4,25.7,15.7,22.7,23.6
TDP,,,,14.6,15.1,17.3,16.6,16.7,20.9,20.5,
TDW,21.4,20.9,21.85,20.6,32.0,24.95,23.8,26.0,21.0,26.0,24.0
TEG,9.0,6.89,7.65,7.69,7.4,6.98,6.36,5.09,3.2,3.77,4.9
TGG,,14.8,14.7,3.11,3.25,3.0,2.29,1.81,0.87,1.14,1.15
THG,40.6,27.3,29.0,32.0,37.0,42.4,40.0,44.3,40.9,50.1,51.8
THI,40.8,32.35,44.8,39.0,37.0,31.65,26.55,28.3,30.4,26.95,28.0
TIP,16.2,14.6,14.55,15.7,19.1,28.3,25.0,20.35,13.8,19.1,27.1
TIX,30.0,41.85,36.0,27.0,28.0,29.95,30.6,29.8,29.5,29.05,31.0
TLD,15.2,15.5,7.02,6.85,5.99,5.32,4.5,4.54,4.37,6.68,15.2
TLG,99.9,98.4,73.4,65.0,59.9,56.0,51.3,40.0,27.0,35.9,35.0
TLH,11.35,8.5,7.8,5.59,5.31,5.03,4.48,4.49,2.55,3.35,3.88
TMP,32.8,29.5,33.0,32.4,36.9,36.2,35.6,35.1,32.1,35.1,42.45
TMS,41.0,30.8,27.6,26.7,28.0,29.8,27.2,28.3,25.1,25.8,31.4
TMT,8.5,6.86,10.5,9.19,8.5,7.31,5.89,5.21,5.5,5.98,5.1
TN1,,,,,,55.0,62.9,63.0,61.5,60.2,53.5
TNA,40.0,31.5,37.1,11.3,14.2,12.1,14.0,20.25,14.4,17.5,15.0
TNC,13.0,12.9,12.7,11.3,13.6,14.0,16.8,16.9,12.6,21.0,31.0
TNH,,,,,,,,,,,
TNI,6.02,7.83,10.25,9.14,9.35,10.7,10.3,10.5,9.3,4.29,3.08
TNT,2.49,1.83,2.3,2.51,2.25,2.08,1.83,1.59,1.31,1.56,1.5
TPC,10.0,12.65,12.4,10.7,11.0,12.0,10.7,10.2,8.54,8.17,7.63
TRA,99.0,77.8,92.1,70.0,71.5,67.6,62.6,60.9,48.5,53.2,57.4
TRC,28.4,25.4,25.0,21.45,24.5,30.1,37.0,35.2,22.8,30.5,35.0
TS4,7.84,5.7,7.2,7.05,5.93,6.48,5.1,4.0,2.6,3.32,4.11
TSC,2.26,1.78,1.84,1.29,1.6,1.66,2.31,2.88,1.86,2.61,2.82
TTA,,,,,,,,,,,17.9
TTB,14.1,23.5,21.85,22.0,20.9,22.3,23.4,4.27,2.21,5.03,5.65
TTE,,,,10.75,12.0,16.7,16.0,14.55,13.85,13.85,11.3
TTF,5.95,3.95,5.31,3.25,3.67,3.39,2.84,2.65,1.84,2.81,5.49
TV2,107.0,97.0,143.7,131.8,128.0,134.6,88.7,79.0,47.0,72.0,47.5
TVT,24.5,18.6,22.65,26.2,31.0,24.9,22.0,22.2,21.6,19.35,20.1
TYA,12.3,11.4,10.45,10.7,12.6,11.55,14.05,14.0,11.4,14.4,13.25
UDC,3.65,3.28,4.1,4.9,4.6,4.86,4.49,3.83,2.8,2.96,5.47
UIC,30.0,25.55,26.3,29.85,35.0,34.3,36.3,36.4,34.85,38.5,39.7
VAF,10.95,10.25,11.5,11.2,10.6,9.86,9.72,9.01,5.19,8.52,8.84
VCF,180.0,173.5,165.0,146.0,146.3,172.5,169.5,178.0,201.0,212.0,207.8
VDP,34.9,31.6,35.0,32.3,31.8,33.65,35.0,31.5,29.05,33.25,33.3
VFG,38.9,37.0,35.9,39.0,38.0,39.95,41.4,40.0,38.7,39.0,47.55
VGC,25.5,20.7,18.6,18.2,20.6,20.3,19.3,18.2,14.1,19.05,23.0
VHC,68.3,57.5,92.0,95.0,88.7,88.0,81.4,39.5,20.5,35.1,43.8
VHM,,111.3,103.1,73.4,92.4,81.0,89.3,85.5,55.0,75.5,75.5
VIC,123.0,107.2,98.5,95.3,116.5,117.2,119.8,115.0,83.4,89.0,91.5
VID,11.2,6.49,6.91,6.37,5.67,5.25,4.9,4.03,4.16,8.95,9.59
VIP,7.0,6.92,7.06,6.77,6.49,5.64,5.02,4.96,3.94,5.29,6.73
VIS,34.1,28.85,28.0,22.6,25.0,23.25,24.6,24.8,21.3,17.25,12.95
VJC,228.1,139.0,148.5,120.0,114.7,127.0,137.7,144.4,97.2,108.0,104.6
VMD,20.55,20.0,23.0,21.4,19.7,19.6,26.95,24.8,20.3,20.6,23.25
VNE,7.28,6.43,6.16,3.92,4.2,4.27,3.41,3.58,3.45,4.3,5.3
VNG,14.95,14.8,18.6,20.45,24.0,21.9,21.55,19.4,12.6,16.7,15.35
VNL,19.95,18.0,16.8,15.6,15.75,19.0,16.35,13.5,13.0,13.5,17.2
VNM,199.7,171.0,136.3,120.0,138.6,125.0,129.7,116.5,91.0,112.7,108.9
VNS,15.8,14.35,16.5,17.8,14.4,13.6,13.6,10.65,7.99,10.0,11.05
VOS,2.16,1.62,1.81,1.63,1.59,1.48,1.9,1.67,1.24,1.42,1.49
VPD,14.0,14.9,16.25,14.9,16.75,16.8,16.5,15.15,12.8,14.4,15.0
VPG,18.0,15.6,21.1,23.0,22.0,22.1,22.8,22.9,22.2,13.95,12.3
VPH,9.41,7.6,7.79,5.26,6.1,5.33,4.07,4.05,3.5,4.29,4.32
VPI,40.6,42.75,42.55,42.35,41.0,42.05,42.5,42.0,41.0,42.45,41.2
VPS,17.0,14.35,12.3,12.75,11.8,10.1,12.15,11.0,9.18,9.9,13.45
VRC,20.7,16.95,25.1,18.2,17.2,15.8,15.85,18.0,4.33,6.44,7.22
VRE,49.9,38.7,40.75,27.9,36.1,34.25,33.1,34.5,19.15,24.8,27.6
VSC,39.15,33.6,42.2,40.55,41.35,31.2,27.5,27.45,20.5,26.8,36.4
VSH,17.5,17.3,17.6,16.75,17.1,18.4,19.35,22.0,17.4,17.6,21.9
VSI,19.6,25.0,28.45,25.6,28.4,28.45,23.9,25.3,21.5,22.6,18.25
VTB,17.3,18.55,15.3,18.1,16.9,15.45,14.65,16.2,10.4,9.76,9.8
VTO,8.35,7.27,7.9,7.55,8.54,7.85,7.2,7.4,5.95,7.76,6.95
YBM,,,20.1,15.3,11.7,10.25,6.92,3.71,3.34,4.14,4.31
YEG,,296.7,224.9,235.0,102.6,75.0,60.0,37.7,47.65,51.4,47.0
AAV,,16.7,13.8,10.2,10.1,9.0,9.0,8.7,4.8,5.5,9.1
ACM,1.1,0.8,0.9,0.7,0.6,0.5,0.5,0.4,0.4,0.7,0.8
ADC,17.5,18.3,18.6,18.1,15.1,15.5,14.7,15.8,11.0,14.9,14.1
ALT,13.1,14.0,12.7,12.5,13.0,13.9,14.1,11.0,12.5,12.8,11.6
AMC,25.2,18.7,20.0,19.2,21.5,19.0,19.8,18.0,17.5,19.8,17.0
AME,12.4,15.4,13.7,15.7,9.2,7.3,6.4,6.4,6.7,7.8,6.5
AMV,17.8,15.8,31.4,38.0,32.3,29.6,19.0,23.8,10.9,16.9,16.9
API,26.5,15.8,17.2,22.5,22.9,22.9,11.0,9.1,7.8,9.3,9.9
APP,9.8,8.7,10.4,6.0,5.0,5.4,7.0,7.0,5.6,3.7,3.5
ARM,55.0,42.8,64.0,39.5,69.9,57.2,49.5,36.0,29.6,24.9,16.8
ATS,53.3,34.6,37.2,38.8,31.2,26.5,21.6,32.8,32.8,26.7,26.4
BAX,27.0,22.3,26.5,28.2,34.5,64.0,48.0,50.5,39.0,42.2,53.3
BBS,10.0,14.3,13.2,11.7,9.1,10.2,12.2,11.6,11.0,11.7,9.6
BCC,7.3,6.6,7.7,6.5,7.8,8.5,7.4,7.0,5.1,7.1,7.5
BCF,,,,,,,,,55.0,53.0,38.8
BCV,,,,,,,,,,,
BDB,4.2,4.1,6.8,10.5,10.5,10.5,10.5,10.5,10.8,10.8,10.8
BED,29.5,38.0,36.0,23.0,43.0,37.9,33.0,39.0,32.0,33.0,33.0
BII,0.9,0.9,1.4,0.9,0.8,1.2,1.2,0.9,0.6,0.8,1.3
BKC,8.8,7.8,9.1,9.1,8.2,5.8,5.8,5.9,6.0,6.0,5.5
BLF,2.9,3.8,3.1,3.4,3.2,2.0,2.8,3.9,3.0,3.0,3.7
BNA,,,,,,,,,,,
BPC,19.0,21.0,16.0,17.0,15.9,17.0,15.0,10.2,13.0,11.9,10.2
BSC,14.4,14.4,15.5,15.5,15.5,15.5,15.5,15.5,15.5,15.5,11.7
BST,12.0,12.0,26.5,38.7,51.1,51.1,51.1,45.5,21.6,12.5,12.6
BTS,4.8,5.1,5.7,5.3,4.4,4.4,4.3,4.7,3.8,3.7,4.5
BTW,,12.8,15.1,14.5,21.6,20.2,27.4,29.0,49.0,27.1,28.1
BXH,13.2,10.3,8.6,12.1,14.0,18.5,15.4,10.4,14.5,17.4,18.0
C69,5.7,5.4,5.1,5.0,7.4,17.0,30.6,8.6,4.4,5.9,8.9
C92,10.0,9.9,5.3,6.0,8.2,8.2,8.9,8.9,9.2,3.6,3.9
CAG,42.4,107.3,107.3,117.8,117.8,117.8,85.9,85.9,85.9,85.9,85.9
CAN,28.0,28.8,28.9,22.6,42.0,41.6,30.0,24.3,23.8,24.0,30.6
CAP,33.3,34.0,45.5,38.9,42.4,39.0,28.9,30.0,28.6,29.4,32.8
CDN,20.0,15.3,15.9,15.8,18.0,17.9,20.8,19.8,18.5,17.5,22.8
CEO,14.0,12.3,13.8,12.8,12.4,11.3,10.0,9.5,5.9,7.3,7.3
CET,3.7,2.8,3.1,3.2,4.3,4.4,3.9,3.2,2.7,1.5,2.3
CIA,41.0,35.0,30.7,22.5,19.2,17.5,14.5,15.0,8.6,11.3,10.7
CJC,37.0,37.0,21.2,23.0,21.0,21.0,21.0,21.0,17.1,15.8,19.0
CKV,22.0,22.0,20.9,20.9,20.3,14.9,16.0,15.0,18.2,13.0,12.2
CLH,13.2,16.4,12.9,17.0,20.0,14.4,13.5,14.7,18.7,17.3,16.4
CLM,15.8,15.8,14.8,14.0,14.0,14.0,13.0,20.7,18.7,16.0,17.2
CMC,5.6,5.5,5.2,5.8,4.5,3.7,9.0,9.5,10.4,5.4,5.0
CMS,4.0,3.3,4.0,6.0,5.1,4.6,3.4,3.0,2.5,2.4,3.2
CPC,35.9,35.1,33.1,34.0,29.6,29.2,24.1,21.3,19.0,15.5,16.5
CSC,23.9,23.0,26.6,17.8,16.9,17.0,16.7,30.8,22.9,24.6,22.6
CTB,35.0,31.0,30.0,33.0,30.9,31.5,32.0,33.0,32.3,33.9,30.5
CTC,3.9,4.2,3.6,4.4,3.6,3.8,3.5,3.4,2.6,3.5,3.6
CTP,8.5,5.0,4.2,3.7,4.1,3.3,2.0,4.1,3.1,3.0,3.8
CTT,6.5,9.8,7.8,8.5,7.7,8.8,8.1,8.1,8.9,9.0,11.8
CTX,27.1,28.6,39.6,24.3,21.0,21.5,13.1,12.8,8.4,8.3,7.8
CVN,7.4,6.9,4.4,17.7,17.7,13.4,9.9,11.7,7.6,13.2,17.0
CX8,10.0,9.5,10.0,9.5,8.0,9.5,9.7,9.7,8.9,8.9,8.6
D11,15.9,13.5,13.6,13.1,13.3,12.4,20.1,18.3,15.0,22.0,19.5
DAD,18.0,16.8,17.2,17.5,17.0,16.9,19.6,20.9,15.7,14.9,15.2
DAE,17.4,15.7,17.0,16.0,16.0,15.5,16.3,17.0,14.0,14.4,14.4
DC2,7.0,9.1,9.0,7.4,7.4,5.0,5.0,5.2,6.0,6.5,8.9
DDG,,,,19.5,21.1,25.1,25.4,27.1,27.4,27.2,28.0
DHP,11.5,11.8,10.7,11.0,10.0,10.0,9.5,8.3,9.8,9.7,9.5
DHT,66.1,37.0,39.1,42.3,36.7,31.0,46.0,48.5,44.0,45.5,53.5
DIH,12.3,11.1,13.3,21.8,38.3,15.4,19.0,17.4,16.1,14.0,16.1
DL1,42.5,35.0,34.8,33.8,34.0,33.3,25.5,30.6,30.2,26.4,31.0
DNC,35.0,31.5,31.5,26.3,24.8,25.5,26.6,35.0,57.0,61.0,54.9
DNM,18.5,16.5,13.1,10.6,11.1,9.6,9.0,8.5,22.2,39.5,49.8
DNP,18.0,22.8,15.1,16.0,14.0,14.8,15.5,17.5,17.8,16.9,18.4
DO3,,,,,,,,,,,
DP3,68.0,70.9,84.2,85.0,80.0,62.0,65.5,74.0,63.0,67.5,76.8
DPC,13.5,18.0,16.8,27.1,46.3,50.8,14.7,13.4,9.3,11.2,15.0
DPS,1.7,,0.9,0.6,0.7,0.6,0.5,0.2,0.2,0.3,0.3
DS3,18.0,7.2,4.3,3.9,3.8,4.0,3.3,3.2,2.7,4.2,4.0
DST,3.4,2.7,2.9,2.1,1.7,1.1,1.2,0.9,,5.0,3.4
DTD,12.4,14.6,11.6,12.0,10.8,12.6,15.7,10.5,9.5,11.8,17.8
DVG,,,,,,,,,,,
DXP,13.9,11.8,11.0,11.3,12.2,11.6,11.7,11.6,8.8,10.0,13.7
DZM,2.9,2.8,1.9,2.5,3.1,4.6,3.1,2.9,2.3,3.9,3.0
EBA,,,,,,,,,15.9,9.0,9.1
EBS,10.6,9.7,9.3,10.3,12.0,8.4,9.0,8.0,7.0,7.1,8.0
ECI,14.0,12.0,9.0,18.7,13.0,13.8,18.0,18.0,18.1,15.9,15.0
EID,13.7,13.7,13.3,14.0,13.1,12.5,14.9,13.6,11.3,10.9,12.2
FID,2.6,1.9,1.4,1.3,1.4,1.4,1.2,,,1.1,1.1
GDW,,14.8,18.9,16.2,22.4,19.5,18.6,32.5,39.3,21.2,23.0
GIC,,,,,,,,,,,
GKM,13.2,12.5,15.3,14.7,16.1,15.4,15.1,15.2,15.3,17.6,16.5
GLT,62.0,77.4,60.9,78.0,35.0,39.3,34.7,28.7,28.4,21.3,30.3
GMA,,,,,,,,,,,
GMX,25.0,26.6,24.8,23.9,23.7,24.9,26.0,24.7,21.0,23.5,24.5
HAD,51.7,54.0,33.1,24.1,27.3,20.8,21.3,18.8,11.4,12.5,13.0
HAT,37.8,34.9,36.5,38.1,38.8,33.5,32.3,32.5,20.7,19.8,21.3
HBE,9.0,9.0,9.0,9.1,9.1,8.2,8.0,10.4,7.2,7.7,9.4
HCC,16.9,16.4,13.2,14.5,14.2,15.5,12.5,11.2,9.5,11.5,13.5
HCT,20.2,22.3,21.9,23.4,23.4,26.8,29.0,22.9,18.2,10.4,8.9
HDA,8.5,9.5,10.3,8.7,9.8,10.7,10.9,10.1,6.7,8.4,7.8
HEV,11.5,11.9,12.2,11.6,12.0,12.3,13.2,11.9,13.9,11.5,12.9
HGM,37.0,38.0,42.5,38.5,41.6,39.3,39.3,39.0,36.0,38.0,38.0
HHC,99.0,46.8,76.6,118.8,118.8,130.5,111.4,129.0,101.0,101.0,107.0
HHG,5.5,3.7,2.6,1.7,1.8,1.5,1.4,1.4,0.9,1.3,1.2
HHP,,,12.5,15.1,16.0,17.2,11.5,12.2,12.9,10.9,11.2
HJS,22.3,21.0,23.2,22.0,25.5,25.1,25.5,23.5,21.0,24.0,30.0
HKB,2.2,1.8,1.3,,0.8,0.7,0.9,0.5,0.5,0.9,0.8
HKT,2.4,2.3,1.7,2.3,2.4,3.4,2.9,2.9,3.0,7.8,6.5
HLC,6.8,6.6,6.3,7.1,7.2,7.8,7.1,6.7,7.0,7.6,6.7
HLD,18.8,15.0,17.4,11.3,15.1,14.8,16.2,17.7,17.7,20.4,28.8
HLY,15.6,15.5,16.0,16.5,25.0,39.0,52.0,44.6,44.6,48.0,50.5
HMH,10.3,11.6,12.9,12.2,11.0,10.7,10.0,10.0,8.9,10.0,9.9
HOM,4.0,3.8,3.8,3.5,3.2,3.6,3.5,3.5,2.6,3.0,3.2
HPM,15.0,11.6,11.9,11.9,11.9,11.9,12.5,12.9,12.9,12.9,12.9
HTC,27.5,28.8,25.5,24.0,30.0,28.7,29.2,25.6,24.2,24.1,28.5
HTP,5.1,4.1,6.3,5.0,6.1,7.2,3.8,10.0,10.0,9.9,10.5
HUT,9.3,5.8,6.2,3.8,4.0,2.5,2.3,2.3,1.3,2.6,2.7
HVT,48.6,45.5,49.0,51.0,51.0,43.5,39.0,36.0,37.0,35.0,31.0
ICG,6.3,6.4,7.8,10.2,9.3,9.3,8.5,8.2,5.5,5.3,6.7
IDC,24.5,23.5,22.1,23.0,21.9,19.7,18.1,18.9,16.0,18.0,23.5
IDJ,3.1,2.6,2.6,3.0,3.1,3.6,5.4,6.2,15.7,11.8,15.2
IDV,32.7,30.1,29.5,26.7,29.6,30.0,35.5,37.5,31.0,37.2,50.5
INC,13.2,7.7,6.3,6.8,7.4,5.9,7.0,7.7,6.5,8.9,9.0
INN,62.8,52.9,33.4,29.9,29.9,35.0,32.3,29.3,23.0,25.0,31.9
ITQ,3.0,3.4,3.8,3.4,3.0,2.7,2.4,2.1,2.2,2.4,2.4
KDM,2.6,3.4,3.3,4.2,3.2,3.4,2.7,2.4,1.7,2.0,2.0
KHS,13.0,12.0,10.6,10.4,14.0,12.3,14.2,10.4,11.0,13.8,12.7
KKC,12.6,11.9,11.8,10.2,9.3,8.6,8.4,7.5,4.5,5.2,6.3
KLF,2.4,2.0,2.3,1.9,1.7,1.4,1.2,1.6,1.4,1.8,1.7
KMT,8.8,8.5,8.2,8.2,5.6,5.3,8.9,8.9,8.1,7.5,7.4
KSD,4.1,4.4,4.6,6.5,5.9,6.4,5.0,6.6,7.3,4.5,4.6
KSQ,1.6,1.6,1.4,1.2,2.6,1.9,1.8,1.4,,1.4,1.5
KST,19.5,19.1,17.9,17.3,15.0,17.0,15.6,13.5,15.8,19.4,15.8
KTS,20.6,23.5,20.3,16.8,23.8,19.9,9.9,8.9,8.7,10.1,11.0
KTT,5.9,6.5,5.6,4.0,4.8,4.3,4.5,4.1,4.1,4.1,4.1
KVC,2.6,1.7,1.6,1.1,1.2,1.3,1.2,1.1,0.7,1.1,1.2
L14,64.5,35.6,45.4,35.1,41.1,48.9,56.6,67.0,49.5,64.8,54.0
L18,8.9,9.0,8.1,9.6,9.5,9.6,8.5,8.5,10.4,8.0,8.8
L35,5.0,3.0,5.3,4.6,9.9,6.7,8.0,11.0,8.0,6.7,6.6
L40,,,,,,,,,,,
L43,3.7,2.2,2.8,3.3,3.0,3.0,3.0,3.0,2.7,2.5,3.1
L61,16.5,9.5,11.3,10.0,15.9,26.5,9.4,7.8,11.4,12.9,14.4
L62,7.5,7.4,7.5,6.6,5.6,7.2,7.2,7.2,7.2,7.2,9.1
LAS,13.5,11.7,11.6,11.5,9.5,6.6,6.9,6.4,5.0,5.9,6.1
LBE,15.0,18.2,18.2,13.2,11.0,15.8,27.4,36.0,32.4,37.7,37.7
LCD,6.9,6.3,6.9,7.5,7.5,7.5,7.5,6.8,6.8,6.8,6.8
LCS,4.7,3.1,2.8,2.7,2.5,2.7,2.7,2.8,3.2,1.9,2.2
LDP,26.2,27.0,22.7,25.6,26.9,24.0,23.3,21.7,20.0,20.4,12.5
LHC,56.2,52.0,59.0,62.5,60.0,63.0,62.8,61.9,58.8,67.8,43.8
LIG,3.9,4.0,4.0,3.9,4.4,5.0,4.5,4.4,2.9,3.1,4.4
LM7,3.6,3.7,3.5,3.5,3.8,4.1,10.8,12.4,8.1,3.2,4.0
LO5,4.7,4.7,4.2,3.8,3.1,2.5,2.0,2.2,1.2,3.6,1.9
LUT,2.4,1.9,2.7,3.3,2.6,2.4,3.0,1.9,1.7,2.0,1.9
MAC,8.1,7.8,7.3,7.4,6.4,6.7,5.8,5.9,4.9,5.0,5.7
MAS,77.0,43.0,55.0,44.0,49.0,47.0,45.5,53.0,24.2,35.0,37.0
MBG,2.5,2.6,5.5,4.0,4.1,6.1,31.5,22.7,5.2,5.2,5.7
MCC,13.5,14.5,12.0,13.0,11.0,11.5,11.7,11.7,10.7,12.5,11.9
MCF,14.5,13.0,12.1,12.4,11.3,10.2,10.0,9.5,9.3,9.0,9.4
MCO,1.9,1.4,1.4,1.5,1.5,1.6,2.3,1.8,1.9,2.2,2.0
MDC,4.8,4.6,4.5,5.3,7.1,8.4,7.7,7.1,4.9,7.9,7.9
MED,,,,,,,,,39.9,39.0,39.0
MEL,8.6,8.8,8.7,8.7,8.7,8.7,8.7,8.8,8.8,8.8,8.0
MHL,6.5,5.0,4.6,6.1,5.6,4.7,5.1,5.1,5.1,4.6,3.2
MIM,13.4,11.5,15.6,13.3,12.6,11.5,12.3,12.3,12.3,12.3,12.3
MKV,11.8,15.5,14.0,14.0,12.6,12.0,12.0,12.0,10.8,10.0,12.0
MPT,2.8,2.3,2.8,4.9,3.6,2.5,1.8,1.9,0.9,1.4,2.0
MST,3.1,3.7,5.0,4.9,4.7,2.9,3.5,5.2,3.4,3.0,3.4
MVB,12.3,3.6,3.0,2.7,3.6,6.0,5.8,5.3,10.0,10.1,14.7
NAG,6.2,6.6,5.4,5.3,5.4,4.9,4.8,4.3,3.9,5.1,4.5
NAP,11.0,11.0,11.2,11.2,11.2,11.1,16.0,12.0,13.1,13.0,11.7
NBC,7.0,6.3,6.2,6.8,6.9,6.2,6.0,6.5,5.7,5.7,5.4
NBP,15.0,14.0,13.7,13.3,12.5,12.9,12.8,12.2,11.3,11.6,12.2
NBW,,16.1,16.2,15.6,18.6,17.4,29.4,35.5,35.6,20.0,21.5
NDN,19.5,12.9,15.7,11.7,13.1,16.6,17.2,17.3,13.3,17.5,18.5
NDX,16.5,14.5,14.1,13.0,13.5,12.4,12.8,12.0,10.8,13.1,10.3
NET,25.4,22.7,26.9,27.0,28.0,27.6,36.0,46.0,34.5,48.0,57.5
NFC,9.0,8.6,7.3,5.4,5.4,5.5,5.7,5.7,5.7,5.7,5.7
NGC,12.0,8.4,9.2,9.7,9.2,6.8,8.4,4.4,3.9,2.1,1.8
NHA,12.0,9.1,7.9,6.8,8.0,8.3,7.8,6.8,8.5,10.4,11.8
NHC,36.5,33.6,33.0,35.0,34.3,34.4,34.5,34.8,35.2,26.6,29.0
NHP,1.6,1.3,1.2,0.7,0.8,0.6,0.6,0.4,0.3,0.7,0.6
NRC,,44.9,43.0,39.0,25.1,24.7,23.4,9.7,6.8,10.9,12.8
NSH,10.6,10.2,5.9,2.9,3.1,2.8,1.9,1.7,1.1,1.5,2.0
NST,16.0,10.3,13.8,21.5,13.0,14.0,18.9,26.5,21.1,17.9,10.3
NTH,,,,,,35.1,30.0,29.0,30.4,28.4,28.7
NTP,62.0,44.7,51.8,40.5,38.0,34.0,38.8,32.4,27.1,31.7,32.7
NXT,,,,,,,,,,,
OCH,4.8,4.5,6.6,6.7,6.2,7.7,7.6,7.6,6.5,9.3,8.0
ONE,5.3,5.2,4.9,4.4,4.3,4.8,4.0,3.4,2.9,3.9,4.0
PBP,12.4,13.8,9.9,11.4,12.0,12.1,9.0,6.2,5.7,7.7,7.2
PCE,10.7,7.2,7.1,6.4,9.4,8.2,8.8,8.8,6.3,15.8,9.2
PCG,9.0,17.9,19.6,22.3,17.1,10.3,15.1,20.5,5.2,5.2,5.3
PCT,8.8,8.6,8.8,9.5,6.7,5.3,6.5,8.7,8.5,5.3,5.3
PDB,10.3,9.3,9.5,9.9,10.5,10.0,7.3,9.4,8.3,7.7,7.1
PDC,4.6,7.4,4.8,5.6,5.0,5.1,4.1,4.8,7.8,7.1,3.4
PEN,10.0,6.6,8.1,6.6,7.2,7.9,6.7,6.2,5.1,5.0,5.1
PGN,,,,,,,11.0,11.4,12.6,12.7,12.1
PGS,31.6,31.4,30.2,30.2,35.3,33.4,31.0,28.4,15.3,14.3,15.1
PGT,3.6,3.2,4.0,4.2,3.9,7.0,4.1,6.0,6.5,3.9,3.6
PHN,,,,,18.1,22.5,28.0,24.5,26.3,26.0,28.7
PHP,12.6,11.7,11.4,12.4,11.0,10.2,11.0,9.4,9.1,9.4,11.1
PIA,36.4,21.0,27.9,22.0,29.7,27.0,30.8,30.4,25.0,24.6,26.5
PIC,16.0,14.0,13.8,13.1,12.6,12.9,10.9,10.5,8.1,8.7,9.0
PJC,45.3,59.1,46.9,39.9,31.0,36.1,35.0,35.0,27.0,26.9,24.2
PLC,21.2,15.7,17.5,16.7,16.2,14.2,14.0,11.2,11.0,14.9,22.7
PMB,9.0,7.5,8.5,7.9,7.5,5.1,6.1,6.9,6.9,10.3,9.3
PMC,63.3,61.5,63.9,56.7,61.9,62.5,62.1,52.7,39.8,52.3,58.0
PMP,16.7,15.0,15.7,14.7,15.0,13.5,13.3,12.4,7.3,8.5,10.0
PMS,15.8,13.7,14.1,13.5,14.0,12.5,12.6,12.8,9.9,13.2,13.4
POT,19.3,18.2,17.1,17.2,15.7,14.8,16.5,14.3,13.5,15.0,14.8
PPE,13.1,10.1,10.5,10.5,10.5,10.5,5.4,8.2,8.2,6.5,5.8
PPP,10.1,8.0,7.5,8.0,10.1,8.8,19.5,18.5,17.0,15.0,13.9
PPS,8.8,8.0,9.2,6.9,7.5,7.0,6.7,6.5,5.3,7.0,7.6
PPY,18.3,16.5,17.2,18.8,18.9,13.6,18.7,20.0,26.4,24.5,20.3
PRC,18.5,17.6,13.0,11.7,12.8,10.5,10.5,10.5,10.5,10.5,8.6
PSC,15.9,15.9,15.0,13.5,10.9,14.4,13.5,13.5,14.7,17.0,13.6
PSD,16.0,12.0,13.9,15.1,13.5,12.8,12.5,13.5,9.4,9.5,10.3
PSE,9.5,8.2,9.0,7.1,9.2,6.5,5.7,6.4,6.9,7.2,7.3
PSW,9.0,6.7,8.5,7.1,7.2,6.4,5.6,6.7,6.7,7.3,8.0
PTD,,15.5,15.5,18.0,17.5,18.0,16.2,16.2,16.2,16.2,11.9
PTS,5.9,6.0,5.5,5.7,5.8,5.1,5.0,5.0,4.8,5.4,7.5
PV2,2.9,3.1,3.0,3.1,3.2,3.4,3.2,3.1,2.7,2.3,2.9
PVB,15.3,14.8,24.0,15.8,19.5,19.2,19.6,18.3,7.6,15.5,16.9
PVC,7.9,5.9,8.4,5.7,7.2,7.1,7.2,6.7,4.0,5.8,6.0
PVG,10.4,7.0,8.4,8.5,8.0,7.6,6.2,8.0,6.0,7.1,7.0
PVL,2.2,1.8,1.7,2.1,1.8,1.9,1.6,1.5,1.3,1.4,1.2
PVS,21.5,16.7,23.3,17.6,21.0,23.5,19.5,17.5,9.0,11.9,13.6
PXK,,,,,,,,,,,
QHD,16.2,15.0,14.5,17.5,16.8,17.0,14.5,19.7,19.0,22.0,24.5
QST,11.8,11.8,11.8,11.8,12.4,12.4,13.4,13.4,11.6,11.6,11.6
QTC,21.5,17.5,19.0,19.2,19.0,19.0,17.7,15.4,16.1,16.9,17.7
RCL,19.0,22.0,23.0,26.0,21.3,21.2,14.9,15.0,13.8,24.4,17.0
S55,21.0,21.0,25.7,24.0,23.7,23.1,24.5,24.5,22.2,22.8,23.4
S74,5.3,4.4,4.8,4.3,5.2,4.0,4.8,4.7,4.3,4.3,4.3
S99,5.4,5.5,6.1,7.1,7.2,8.3,8.4,8.0,7.2,13.4,19.9
SAF,59.4,70.0,70.0,54.6,55.8,55.0,50.2,51.0,49.8,45.8,61.0
SCI,,7.4,7.4,6.7,8.3,14.9,16.0,12.8,6.8,14.5,70.0
SD2,4.8,5.1,5.1,5.5,6.1,5.5,4.0,5.2,5.5,7.0,6.4
SD4,9.6,8.6,7.5,6.3,6.3,5.7,6.6,3.7,4.0,3.5,4.6
SD5,10.3,8.2,7.8,7.1,6.1,6.3,6.0,5.2,4.6,4.6,6.2
SD6,7.2,5.3,5.1,4.4,4.0,3.4,3.4,2.8,2.0,2.3,3.3
SD9,8.2,7.4,7.1,6.6,6.6,6.7,6.0,6.1,4.3,5.2,6.8
SDA,2.9,2.5,3.0,5.1,2.9,2.6,3.0,3.3,2.1,3.0,5.0
SDC,14.4,13.9,13.5,13.5,16.5,15.4,16.5,16.5,13.5,16.2,13.3
SDG,18.0,31.0,32.3,22.8,24.5,25.0,34.2,40.0,40.0,25.0,25.0
SDN,34.5,30.3,49.1,44.2,35.0,30.5,28.8,28.8,27.0,31.0,30.0
SDT,7.5,6.7,6.3,5.2,4.2,4.2,4.1,3.3,2.8,3.5,4.8
SDU,12.8,9.8,9.2,7.9,8.5,8.0,8.1,8.1,7.5,6.3,6.1
SEB,51.8,37.0,35.0,32.4,30.9,32.0,29.9,40.0,26.0,31.0,29.6
SED,18.3,18.3,18.0,17.2,16.9,17.7,17.8,16.0,14.0,13.7,14.4
SFN,34.5,33.1,31.5,32.0,30.6,21.1,28.9,32.7,17.5,25.3,19.7
SGC,95.5,75.0,85.0,66.2,106.2,122.0,128.8,106.6,66.0,58.0,66.0
SGD,10.0,10.3,10.0,10.6,10.3,12.0,12.0,11.8,10.2,10.5,10.0
SGH,29.7,75.0,46.2,68.0,59.3,59.5,62.5,47.5,38.5,34.4,37.0
SHE,,,,,14.4,13.4,14.1,14.4,13.8,21.8,19.0
SHN,9.9,10.3,9.6,9.8,9.0,9.0,9.2,9.1,8.1,7.0,8.9
SIC,13.5,11.8,12.6,13.5,11.6,9.0,9.1,8.2,12.5,8.2,13.1
SJ1,19.8,18.2,16.9,13.9,21.5,19.9,18.6,20.9,25.0,18.4,22.8
SJC,13.5,6.6,3.5,2.6,2.2,2.4,2.0,1.2,0.8,1.1,1.4
SJE,27.5,20.7,28.0,27.0,25.0,27.1,21.9,19.4,17.0,18.7,19.5
SLS,78.0,77.0,63.4,50.2,55.8,37.8,41.3,42.5,41.0,49.5,76.9
SMN,10.3,10.0,9.5,10.0,9.5,9.5,9.7,10.0,9.4,8.5,9.1
SMT,21.2,31.5,22.9,23.7,27.6,34.2,30.8,25.1,15.5,9.5,7.1
SPI,2.6,1.2,1.1,0.7,,0.9,1.4,,0.7,1.1,1.1
SRA,10.0,10.5,26.3,42.5,19.8,12.7,9.2,8.8,6.1,12.7,14.9
SSM,14.1,9.3,9.6,7.0,6.1,6.1,5.7,6.0,7.2,5.8,5.8
STC,30.0,24.4,26.2,17.2,16.2,17.0,11.7,12.3,14.7,13.2,13.6
STP,5.0,6.0,7.1,6.9,7.2,6.2,6.2,5.4,5.4,6.1,6.6
SVN,2.2,1.9,1.2,1.1,1.1,1.1,1.8,1.9,1.8,2.1,2.0
SZB,,,,,,,,29.2,24.5,26.0,29.7
TA9,13.9,14.6,9.7,8.9,7.4,8.3,9.0,8.8,8.0,9.3,9.0
TAR,,,,,30.2,29.6,28.5,29.3,31.7,20.0,21.2
TBX,9.0,9.0,9.0,9.0,9.0,9.0,14.1,22.5,22.3,22.3,22.3
TC6,5.0,4.2,4.8,5.5,5.3,5.1,4.4,4.5,4.1,4.2,4.9
TDI,,,,,,,,,,,
TDN,5.2,4.4,5.7,5.4,5.9,5.8,5.1,5.5,5.9,6.0,7.4
TDT,,,12.3,12.2,12.3,11.7,12.1,10.8,8.3,9.2,10.2
TET,26.4,26.4,26.0,35.0,31.5,31.5,30.2,30.2,30.2,30.2,29.9
TFC,5.0,4.9,4.6,6.8,6.2,5.0,5.0,4.5,5.2,4.8,5.6
THB,18.5,19.0,13.1,10.9,9.2,9.1,10.9,11.5,7.0,9.9,9.5
THD,,,,,,,,,,37.6,84.5
THS,9.0,9.6,11.5,11.3,12.9,11.7,9.9,9.0,9.0,7.2,7.2
THT,6.5,6.0,6.5,8.0,8.3,6.7,6.6,7.2,7.0,6.5,7.3
TIG,3.9,3.2,3.2,2.4,2.5,3.4,3.9,6.5,4.7,6.9,7.0
TJC,4.6,7.1,6.6,8.4,5.1,6.1,6.3,6.2,5.4,7.1,7.3
TKC,27.0,23.6,23.1,31.0,27.9,17.1,12.4,3.4,2.6,3.4,3.0
TKU,11.5,11.1,10.4,9.5,9.9,9.5,8.5,15.3,8.5,13.9,15.6
TMB,8.6,9.0,8.0,8.0,9.6,9.1,8.1,11.0,9.0,12.0,18.0
TMC,13.5,14.5,13.8,13.7,14.1,12.6,14.0,14.5,15.0,13.7,14.3
TMX,8.5,8.1,9.3,8.5,8.2,12.7,14.0,11.7,14.8,12.7,12.0
TNG,14.1,10.1,16.8,16.6,22.7,21.5,18.2,15.2,7.7,12.2,13.1
TPH,7.3,8.9,10.4,10.4,10.6,10.6,9.6,9.6,7.2,8.0,8.5
TPP,10.8,10.4,11.0,10.0,12.4,13.0,10.0,10.0,11.0,13.3,10.8
TSB,8.8,10.0,11.5,8.3,8.3,7.5,7.0,7.0,7.0,7.0,8.0
TST,4.7,5.1,5.8,6.7,7.2,7.8,6.7,6.6,7.0,9.0,12.1
TTC,18.3,17.8,17.6,19.4,12.7,12.5,12.5,13.5,12.1,10.9,10.9
TTH,4.4,4.3,4.3,4.9,4.8,4.1,2.8,2.5,1.6,1.9,1.8
TTL,9.8,7.9,6.3,12.4,11.2,9.1,5.8,12.9,11.7,7.0,6.7
TTT,57.5,53.7,48.0,50.0,47.0,51.0,52.0,52.0,33.4,31.2,32.0
TTZ,5.4,7.9,7.4,8.5,8.3,8.3,7.9,2.3,1.8,2.6,4.6
TV3,36.0,48.2,35.5,39.9,43.2,37.6,30.0,28.3,24.5,31.0,27.8
TV4,16.0,17.5,19.8,16.8,17.0,16.6,15.0,13.8,10.7,11.5,12.8
TV6,,,,,,,,,,,
TVC,11.1,11.0,10.5,11.8,12.8,12.6,16.6,17.5,27.8,9.1,8.8
TVD,5.2,5.0,4.9,5.7,6.0,5.9,5.3,6.5,6.0,5.7,6.0
TXM,9.6,8.5,13.0,8.0,10.5,5.3,2.7,3.4,2.6,2.7,3.9
UNI,6.9,9.1,6.9,9.4,8.3,6.5,5.6,3.8,3.9,4.7,5.4
V12,10.5,12.7,11.8,10.3,13.0,13.4,11.7,10.5,10.4,11.4,10.6
V21,18.8,14.4,21.3,24.5,8.9,15.1,23.5,27.5,10.6,5.0,4.8
VAT,2.7,1.9,2.1,1.9,2.1,2.0,1.9,1.6,1.6,1.9,2.4
VBC,27.1,18.5,20.3,18.5,19.8,19.0,18.7,16.2,19.2,21.0,18.6
VC1,10.6,14.2,14.8,13.0,13.2,12.2,12.3,13.6,8.5,11.5,8.1
VC2,14.9,13.0,12.1,12.5,13.3,16.0,15.3,21.9,13.4,12.6,12.5
VC3,18.5,18.1,18.4,24.6,22.5,23.5,23.2,16.6,15.5,15.8,16.9
VC6,8.3,7.8,8.4,7.2,8.6,9.1,12.2,7.1,7.6,8.8,7.5
VC7,17.4,12.2,10.5,9.5,8.1,8.0,6.1,6.0,6.4,4.7,4.7
VC9,11.6,11.7,11.0,10.0,12.0,13.8,14.7,11.5,9.5,6.4,5.0
VCC,13.4,12.0,10.4,10.1,11.3,11.6,9.9,9.9,9.7,9.0,10.9
VCG,23.3,16.0,18.6,22.6,27.9,26.4,26.4,26.9,24.5,26.2,40.1
VCM,14.4,16.2,18.0,16.0,23.4,22.5,45.0,53.0,16.0,17.1,15.3
VCS,263.3,84.5,97.0,67.6,63.3,61.2,102.7,71.1,53.0,61.2,73.2
VDL,27.6,27.0,26.5,29.0,29.0,27.0,22.3,26.9,25.8,22.6,27.1
VE1,18.3,12.4,11.2,9.3,13.9,9.8,8.8,8.3,8.9,7.6,7.6
VE2,11.4,11.5,10.2,11.9,11.9,10.0,10.0,7.5,7.0,6.4,6.5
VE3,11.2,11.0,11.2,10.5,7.1,7.2,6.0,5.6,5.2,6.4,7.2
VE4,10.6,7.2,6.6,5.1,9.9,8.2,8.6,5.0,8.1,5.3,6.6
VE8,10.5,7.2,5.5,9.1,9.1,9.1,9.0,9.0,9.0,9.0,9.0
VGP,21.0,23.3,21.2,22.3,21.4,25.4,21.2,21.2,14.5,10.6,20.1
VGS,10.9,10.7,10.2,9.1,10.6,8.4,7.4,7.0,6.3,6.9,7.7
VHE,,,,,26.9,26.4,9.8,6.3,4.1,5.4,4.5
VHL,48.2,41.8,33.0,29.0,31.0,31.0,28.0,28.5,20.3,22.4,24.0
VIE,8.6,12.3,10.0,17.0,10.0,10.0,10.0,10.0,6.1,6.1,6.0
VIF,18.0,18.9,14.5,15.0,16.9,16.6,21.9,22.9,16.6,17.0,17.0
VIT,15.2,13.4,12.0,11.4,15.1,13.6,14.2,14.8,12.9,14.6,13.2
VKC,6.6,6.4,5.4,5.1,4.8,3.8,3.7,2.8,2.4,4.8,4.6
VLA,11.7,13.4,12.0,12.0,12.3,21.0,13.3,13.3,13.0,13.9,12.0
VMC,51.0,35.0,22.7,19.4,17.2,13.9,11.5,11.4,9.5,9.4,11.0
VMI,2.9,2.6,2.1,1.1,0.7,0.6,0.6,0.6,0.6,0.6,0.6
VMS,12.6,10.7,6.1,4.8,6.0,11.0,7.7,9.0,5.0,6.0,6.4
VNC,43.0,50.0,45.0,45.2,41.5,36.9,35.0,35.0,25.6,32.0,39.6
VNF,45.9,55.2,28.6,23.0,19.5,22.8,27.0,32.6,26.0,31.3,31.0
VNT,23.2,30.1,27.1,28.0,30.1,34.3,31.9,38.5,38.1,61.0,59.6
VSA,20.0,20.0,19.1,17.5,18.5,20.0,20.5,16.1,14.0,17.4,14.0
VSM,14.4,12.8,12.5,12.0,10.8,10.4,10.0,10.0,10.3,12.0,10.5
VTC,10.4,10.5,8.8,8.4,7.7,7.2,6.7,5.9,9.3,9.3,10.0
VTH,13.0,10.3,10.2,10.0,9.5,9.5,10.0,10.5,10.5,9.5,9.4
VTJ,,6.0,5.2,4.1,6.7,4.7,8.3,3.8,6.8,4.0,4.1
VTL,30.3,22.5,21.0,30.0,30.0,30.0,20.0,16.0,15.0,20.9,15.5
VTS,14.0,12.8,15.3,14.5,18.7,24.6,16.9,32.0,32.0,28.5,28.5
VTV,14.9,13.9,10.3,10.5,9.1,8.7,8.1,9.5,6.4,6.8,5.8
VXB,13.4,15.5,18.5,12.0,13.4,9.9,8.1,8.1,8.0,5.6,4.5
WCS,154.0,127.0,136.9,133.0,150.0,163.0,174.3,149.0,145.7,200.5,193.0
X20,23.8,12.9,10.7,9.1,10.6,9.4,9.4,9.4,6.3,6.9,8.1
A32,,,,30.2,25.5,22.5,27.0,28.0,25.0,26.3,41.2
ABC,15.5,7.1,9.7,9.3,10.5,9.5,9.5,10.2,7.9,10.3,12.9
ABR,,7.4,5.7,4.1,4.5,7.1,21.9,15.2,29.1,28.4,29.9
AC4,13.6,6.0,6.0,6.0,6.0,6.0,6.0,6.0,6.0,6.0,6.0
ACE,,21.2,23.8,20.1,23.8,24.0,24.5,26.0,23.2,28.5,28.0
ACS,14.1,15.5,8.1,14.5,16.0,16.0,8.8,14.0,7.7,12.9,11.5
ACV,104.9,88.1,83.0,90.0,85.1,84.8,77.0,77.4,42.2,58.3,66.9
ADG,,,,,,,,93.1,92.0,106.0,50.7
ADP,,18.0,19.0,18.4,35.7,15.6,16.0,16.5,17.2,17.0,21.7
AFC,10.0,10.0,9.0,10.3,10.3,10.3,10.0,10.0,10.0,,
AFX,4.1,3.4,3.0,3.5,2.9,4.1,4.9,3.5,3.0,4.9,7.9
AG1,12.0,10.0,10.5,9.5,11.5,7.5,4.0,4.0,4.0,10.0,8.9
AGB,,,,,,,,,,,
AGE,,,,,,,,,,,
AGF,5.76,3.47,6.8,4.7,5.2,3.34,2.9,3.45,2.8,2.7,3.9
AGP,29.5,25.5,28.6,20.0,32.0,20.1,24.7,16.0,19.7,17.1,15.6
AGX,31.8,28.9,25.6,23.6,31.0,26.0,30.5,27.0,13.0,27.0,28.0
ALV,8.6,3.9,3.0,2.2,3.4,2.3,2.2,2.6,2.2,1.8,2.3
AMP,18.6,18.5,18.5,19.0,16.2,13.8,14.0,11.9,10.2,10.2,10.2
AMS,8.0,7.0,8.2,8.0,8.6,7.5,8.5,7.4,6.8,8.1,8.2
ANT,10.0,7.8,8.7,9.5,5.0,5.3,6.0,10.5,9.0,10.7,9.0
APF,46.0,37.2,35.0,29.5,32.0,22.2,20.0,20.5,22.0,31.0,31.3
APL,0.0,0.0,0.0,0.0,0.0,14.0,14.0,14.0,14.0,14.0,15.1
APT,,,,,,2.8,2.8,4.0,4.0,3.7,3.2
AQN,,,,,,0.0,0.0,8.7,8.7,8.7,8.7
ASA,3.0,1.6,0.7,0.7,0.7,,1.9,1.4,1.1,1.2,1.4
ASD,,1.6,4.1,5.2,5.2,9.9,6.3,3.7,3.9,3.1,3.1
ATA,1.3,0.6,0.6,0.3,0.3,0.3,0.2,0.3,0.3,0.2,0.3
ATB,1.4,1.1,1.1,0.7,0.8,0.8,0.8,0.8,0.5,0.7,0.7
ATD,,,,,,,0.0,0.0,0.0,0.0,0.0
AUM,0.0,0.0,0.0,0.0,0.0,0.0,0.0,0.0,0.0,0.0,0.0
AVC,30.0,28.0,31.1,30.5,31.0,32.5,31.0,26.2,28.0,25.0,26.2
AVF,0.3,0.6,0.4,0.4,0.4,0.3,0.4,0.4,0.4,0.4,0.4
B82,2.4,1.5,,,1.1,1.1,0.5,0.4,0.4,0.4,0.4
BAL,25.9,41.6,41.6,41.6,9.2,7.6,8.1,11.0,12.3,7.1,7.5
BAM,,,,,,,,,,,
BBH,,,,,,,,,,0.0,15.6
BBM,11.5,11.5,11.5,11.5,14.9,7.2,10.0,12.2,14.6,16.0,9.5
BBT,,14.2,15.8,20.5,19.0,17.2,17.9,20.1,20.0,20.4,19.7
BCB,,,,0.0,0.0,0.0,0.0,0.0,0.0,0.0,0.0
BCO,,,,,,,,,,,
BCP,9.9,8.5,10.0,7.3,12.3,12.0,13.0,12.5,13.2,13.0,11.5
BDG,29.3,27.0,33.5,36.0,39.5,36.5,33.6,33.8,35.0,29.8,30.0
BDT,12.4,10.5,10.4,10.6,11.0,13.5,15.5,12.6,14.9,17.1,17.3
BDW,15.1,9.5,7.5,10.9,12.5,10.5,11.0,6.8,9.5,14.0,13.5
BEL,7.1,7.0,7.0,15.7,15.7,7.6,14.1,12.9,9.0,10.9,11.4
BGT,,,,,,,,,,,
BGW,10.0,10.0,10.0,10.0,10.0,10.0,18.5,14.1,19.1,19.5,23.5
BHA,17.0,18.6,14.5,15.0,18.0,13.2,12.0,6.9,13.5,11.2,12.7
BHC,3.4,2.1,2.3,1.8,2.5,2.6,2.8,2.7,2.7,2.5,3.4
BHG,,,,0.0,0.0,0.0,0.0,12.1,12.1,12.1,12.1
BHK,,15.0,15.0,12.0,15.0,14.7,11.0,19.8,9.7,12.5,11.8
BHP,,9.9,8.8,6.0,8.5,12.0,11.7,8.0,4.3,5.8,5.8
BHT,4.4,4.8,3.9,4.0,2.7,2.7,2.7,2.7,2.7,5.5,7.0
BHV,4.3,4.6,5.1,5.1,5.1,5.1,5.1,7.0,7.0,6.0,5.2
BIO,,,0.0,0.0,0.0,0.0,0.0,0.0,0.0,0.0,0.0
BKH,,,,,,0.0,53.8,60.4,31.3,37.2,39.9
BLN,7.3,7.3,7.3,7.3,7.3,7.3,2.7,1.2,1.2,1.2,1.6
BLT,26.5,26.0,20.8,18.1,13.5,18.0,9.5,13.3,15.0,14.0,16.5
BLU,,,,,0.0,0.0,0.0,0.0,0.0,0.0,0.0
BLW,,,,0.0,0.0,12.0,12.0,18.1,18.1,18.1,18.1
BMD,7.0,8.0,10.0,5.1,5.1,5.1,7.2,9.9,11.8,11.8,7.3
BMF,,37.0,43.0,47.6,47.6,40.3,20.6,21.0,13.8,15.2,17.7
BMG,,,,0.0,20.5,25.0,25.0,23.5,28.0,28.5,28.0
BMJ,,12.0,11.9,12.0,12.1,11.1,12.3,15.1,15.1,19.0,31.0
BMN,0.0,7.4,7.4,7.4,7.4,7.4,7.4,7.4,7.4,7.4,7.4
BMV,0.0,10.0,10.0,10.0,10.0,10.0,10.0,10.0,10.0,10.0,10.0
BNW,,,,0.0,0.0,0.0,0.0,0.0,0.0,0.0,10.0
BOT,,,,,52.3,55.4,53.7,55.8,55.7,51.0,51.5
BPT,,,,,,,,,,,
BPW,0.0,0.0,0.0,0.0,0.0,0.0,21.5,20.8,45.0,29.5,30.5
BQB,14.0,7.0,5.5,5.0,5.0,5.0,9.0,5.0,5.0,4.5,5.4
BRM,,,,,,,,,,,
BRR,9.4,10.3,8.1,7.7,11.9,8.5,9.6,9.4,9.2,8.0,10.0
BRS,7.2,13.2,12.4,12.4,14.0,14.0,13.3,13.3,14.0,14.0,14.0
BSA,,,23.0,17.0,15.6,15.8,15.1,13.0,12.8,12.0,12.2
BSD,43.0,43.0,43.0,43.0,43.0,43.0,43.0,43.0,43.0,43.0,30.0
BSG,7.9,8.7,9.9,7.5,8.1,7.5,9.1,10.4,10.0,10.2,10.2
BSH,,,32.1,32.0,21.7,25.6,26.0,24.0,14.5,18.3,16.0
BSL,14.5,16.9,14.5,13.2,11.0,11.0,13.3,13.0,11.0,10.5,9.1
BSP,24.0,20.0,19.3,18.0,18.5,20.7,26.5,23.5,14.2,18.0,17.1
BSQ,22.3,21.5,20.5,21.5,23.1,25.0,25.6,27.1,22.0,21.0,19.0
BSR,26.3,17.6,20.2,13.6,12.7,12.5,9.6,8.1,4.8,6.9,7.1
BT1,17.0,16.5,17.5,16.6,16.6,20.0,18.0,14.6,16.0,17.0,18.2
BT6,5.0,4.0,2.4,2.2,1.9,1.7,1.4,1.5,1.5,1.4,1.1
BTB,10.0,10.0,6.9,6.3,7.5,7.5,5.5,7.0,7.0,7.0,5.1
BTD,18.1,15.3,15.6,14.2,14.0,19.2,20.0,16.3,15.9,22.0,26.0
BTG,,0.0,0.0,0.0,0.0,0.0,5.5,5.5,5.5,5.5,5.5
BTH,5.2,5.2,4.5,2.6,9.1,8.0,9.6,9.6,3.8,3.3,2.5
BTN,12.1,6.9,6.5,7.4,8.6,4.2,7.0,3.0,3.5,2.7,2.8
BTR,8.6,8.6,7.8,7.8,7.8,6.8,4.1,4.1,4.1,4.1,3.0
BTU,8.7,8.2,8.3,10.6,9.0,9.7,17.6,11.0,11.3,12.5,11.5
BTV,21.0,25.5,29.6,34.9,22.0,32.0,24.0,37.0,19.2,38.8,19.6
BUD,10.9,8.6,10.0,8.4,8.5,8.5,6.0,6.4,5.0,4.9,6.6
BVG,1.7,1.4,1.3,1.5,1.3,1.6,1.5,1.8,1.4,1.3,1.4
BVN,,14.0,15.0,18.0,18.0,13.0,12.8,12.0,11.7,11.7,7.1
BWA,,24.3,6.6,6.0,9.2,10.9,7.4,5.2,5.2,4.7,4.7
BWS,30.0,30.0,30.5,30.6,34.0,35.7,30.2,36.0,34.0,36.9,35.0
BXT,,,,,,0.0,0.0,0.0,0.0,10.6,10.6
C12,12.8,16.5,13.1,13.0,4.6,4.0,4.6,3.9,1.7,3.4,4.2
C21,26.0,24.1,24.5,24.6,24.8,25.1,24.6,25.6,18.8,24.9,18.3
C22,,27.0,27.0,31.0,31.0,22.0,22.0,22.0,11.1,11.1,15.2
C36,0.0,0.0,0.0,0.0,0.0,0.0,10.0,10.0,10.0,10.0,9.1
C4G,,,,9.9,11.0,8.8,6.8,6.5,3.6,6.6,9.1
C71,10.5,10.5,11.0,10.0,10.0,6.5,6.3,10.1,10.5,8.6,7.4
CAB,,,,,,,0.0,0.0,0.0,0.0,0.0
CAD,,0.7,0.4,0.6,0.5,0.4,0.4,0.3,0.4,0.3,0.3
CAF,,,,,,,,,,,
CAM,,,,,,,0.0,0.0,0.0,0.0,0.0
CAT,7.0,7.0,4.8,10.5,11.4,8.5,9.0,9.1,9.8,9.6,13.2
CBC,,,,,,,,9.7,9.7,9.7,9.7
CBI,0.0,0.0,10.0,6.0,4.5,3.4,4.2,6.0,4.4,3.8,2.6
CBS,15.0,10.0,7.6,10.0,9.8,10.3,9.0,8.8,8.0,7.9,7.3
CBV,,,,,,,,,,,
CC1,17.9,12.0,16.0,18.5,11.6,12.4,11.0,15.1,13.2,15.2,18.9
CC4,10.0,7.5,9.5,9.0,10.5,10.5,14.1,12.5,7.0,9.6,10.4
CCA,,,,,,,,13.9,6.7,7.2,9.5
CCH,7.3,10.0,10.0,10.0,10.0,10.0,10.0,10.0,6.5,3.9,3.9
CCM,25.0,,22.2,27.7,28.9,30.3,27.5,27.8,21.9,34.7,40.0
CCP,22.5,26.9,36.0,40.3,21.6,12.5,11.9,21.9,9.5,14.9,8.2
CCR,18.0,24.9,34.8,17.8,16.0,16.0,31.5,25.0,13.8,12.0,12.9
CCT,0.0,0.0,0.0,0.0,0.0,0.0,0.0,0.0,9.5,9.5,10.0
CCV,35.0,37.0,37.0,33.0,30.0,35.0,35.0,35.0,35.0,17.5,17.5
CDG,14.0,14.0,14.0,15.0,9.0,9.0,8.0,8.0,8.0,7.8,4.2
CDH,5.1,6.0,6.0,6.0,3.7,3.7,3.7,2.1,2.1,2.9,2.9
CDO,1.38,0.89,,,1.1,1.1,,,0.7,0.9,0.8
CDP,,,11.5,13.7,11.5,9.4,8.0,8.2,8.4,9.7,10.3
CDR,0.0,0.0,0.0,6.9,6.9,6.9,9.0,6.5,6.5,6.5,6.5
CDV,,,,,,,,,,,
CE1,7.5,7.5,7.5,7.5,9.0,9.0,9.0,9.0,9.0,9.0,9.0
CEC,,6.0,14.9,15.0,15.0,10.0,14.9,15.0,15.0,15.0,15.0
CEG,9.8,8.0,8.0,7.8,10.0,10.0,10.0,10.0,10.0,10.9,19.6
CEN,,34.8,49.7,14.8,18.0,17.0,13.5,12.7,4.2,6.0,7.1
CFC,,5.5,13.6,21.6,9.5,13.6,21.1,16.7,23.1,23.1,23.0
CFV,,,,,,0.0,0.0,0.0,0.0,0.0,0.0
CGC,,,,,,,,,,,
CGL,,,,,,,,,,,
CGV,2.5,2.2,2.5,3.9,2.4,2.6,2.9,2.5,1.9,4.2,4.3
CH5,0.0,15.0,12.6,15.6,9.4,5.1,7.1,7.1,9.9,11.3,5.9
CHC,10.0,10.0,10.0,10.0,10.0,3.5,3.5,4.9,3.0,3.0,1.8
CHS,9.7,7.0,7.2,8.6,9.7,8.8,4.8,5.3,6.0,8.2,10.8
CI5,,11.1,9.8,9.2,9.4,5.9,4.6,4.6,4.7,4.4,3.6
CID,2.2,2.1,5.4,5.7,1.7,5.7,13.3,13.3,8.0,4.7,9.2
CIP,10.0,5.9,16.3,34.3,34.3,34.3,20.7,20.7,20.7,20.7,20.7
CK8,,,,,,,,,,,
CKA,,,,14.3,16.6,15.0,15.9,14.2,31.9,18.0,18.5
CKD,18.0,13.6,16.7,18.0,18.5,17.0,18.0,17.0,17.1,16.5,17.4
CKH,3.7,3.7,3.7,3.7,3.7,3.7,4.2,4.2,4.2,4.2,4.2
CLX,10.6,10.1,10.0,10.5,11.0,10.5,14.0,11.8,11.0,11.7,13.0
CMD,,,,,,,14.8,19.3,11.0,10.0,14.0
CMF,123.1,126.5,126.5,129.6,181.4,126.1,75.0,160.0,172.3,120.0,161.0
CMI,1.2,1.2,1.3,0.9,0.8,,1.9,2.1,1.7,1.1,1.2
CMK,0.0,0.0,0.0,0.0,0.0,0.0,0.0,0.0,0.0,0.0,0.0
CMN,51.9,39.9,41.0,40.7,39.5,33.5,40.0,46.1,53.7,45.2,58.6
CMP,0.0,0.0,0.0,0.0,0.0,0.0,0.0,0.0,0.0,0.0,0.0
CMT,9.98,10.15,7.12,7.15,10.0,11.2,10.1,8.7,5.8,6.2,7.0
CMW,0.0,15.0,10.0,13.0,9.4,10.0,9.4,12.6,12.6,12.6,12.6
CNC,,30.0,24.0,20.5,20.2,20.1,20.9,21.7,18.0,17.5,22.5
CNN,16.3,14.0,12.0,26.0,12.3,21.4,42.3,49.6,17.1,17.0,21.0
CNT,2.5,2.6,3.2,2.5,2.6,5.5,2.8,4.0,7.6,5.5,3.5
CNX,,,,,,,,,,,
CPA,,,,,,,,0.0,0.0,0.0,0.0
CPH,0.0,0.0,0.0,0.0,0.0,0.0,0.0,0.0,0.0,0.0,0.0
CPI,1.4,1.6,1.6,2.0,2.0,2.0,2.0,1.1,1.1,,
CPW,,,,,,,0.0,4.2,3.0,3.0,2.0
CQN,,,,,,,,,,,22.1
CQT,2.9,2.7,2.7,3.3,3.0,3.0,2.7,3.4,1.7,2.5,2.6
CT3,,6.0,17.0,8.1,7.7,8.2,8.2,9.8,14.2,7.7,5.2
CT5,,,,,,,,,0.0,0.0,0.0
CT6,6.5,5.0,4.5,4.1,4.1,4.1,4.1,4.1,3.4,3.4,3.9
CTA,0.5,0.5,0.5,0.5,0.5,0.5,0.5,0.5,0.2,0.3,0.4
CTN,0.8,0.7,0.4,0.5,0.5,0.3,0.2,0.1,0.2,0.2,0.2
CTR,25.3,26.4,27.0,20.5,25.7,28.5,46.8,39.1,27.6,44.5,46.0
CTW,6.3,6.6,6.0,6.0,6.0,9.0,9.6,9.2,10.5,9.0,17.7
CVH,0.0,0.0,0.0,0.0,0.0,0.0,0.0,0.0,0.0,0.0,0.0
CXH,8.0,8.0,8.0,8.0,8.0,8.0,8.0,8.0,8.0,8.0,8.0
CYC,2.0,2.0,1.6,1.1,1.1,0.8,0.9,0.5,0.8,0.7,0.9
DAC,13.0,13.0,13.0,13.0,13.0,13.0,13.0,7.8,7.8,3.3,3.3
DAP,,29.8,34.0,33.0,70.1,70.1,41.5,30.0,30.0,18.1,50.9
DAR,11.2,12.5,14.2,14.2,7.2,7.2,7.2,7.2,8.2,10.0,15.9
DAS,,0.0,5.0,10.3,9.0,10.9,9.5,13.4,7.4,17.0,20.0
DBH,10.0,10.0,10.0,10.0,10.0,10.0,10.0,10.0,10.0,10.0,10.0
DBM,,18.0,21.6,21.6,29.4,55.0,50.0,27.1,37.2,34.0,28.0
DBW,0.0,0.0,0.0,0.0,0.0,0.0,0.0,0.0,0.0,0.0,0.0
DC1,13.1,10.9,10.5,11.0,9.9,9.0,9.1,8.6,9.5,13.5,10.3
DCF,9.3,8.0,7.4,7.5,7.3,7.4,4.3,9.8,9.9,9.9,13.6
DCG,,,,0.0,26.0,26.0,26.1,21.5,21.5,21.5,21.5
DCH,,0.0,6.9,6.9,6.9,6.9,6.9,6.9,6.9,6.9,5.1
DCI,12.0,12.0,12.0,2.8,2.8,2.8,2.8,2.8,2.8,2.8,2.8
DCR,,,,0.0,0.0,0.0,0.0,1.7,1.9,2.1,2.6
DCS,1.7,1.1,1.1,0.9,0.9,0.4,0.4,0.4,0.3,0.5,0.6
DCT,0.7,1.2,1.1,1.1,0.7,0.7,,0.8,0.8,0.7,0.8
DDH,6.0,6.0,6.0,5.5,5.5,5.5,5.5,5.5,5.5,5.5,5.3
DDM,0.7,1.1,1.1,0.9,1.2,0.9,0.5,0.9,0.7,0.4,0.4
DDN,,16.5,12.0,10.7,10.9,16.0,9.5,9.5,9.9,10.5,11.4
DDV,6.7,6.7,9.5,10.4,9.0,8.5,7.0,6.6,6.7,6.6,7.2
DFC,37.5,37.0,37.0,53.4,80.3,40.0,36.9,25.9,24.6,16.1,27.6
DGT,,14.5,26.4,28.9,23.1,23.3,23.2,40.2,85.9,109.8,50.0
DHB,1.5,1.4,4.1,6.4,7.0,9.1,8.5,7.2,7.2,7.2,7.2
DHD,36.7,28.2,37.9,38.0,37.0,34.0,29.5,29.5,30.5,23.0,23.8
DHN,,8.6,10.5,10.6,11.0,11.8,10.2,10.5,10.5,10.5,10.3
DHQ,,,,,,,,,,,
DIC,5.9,5.3,3.86,3.19,3.53,2.95,2.0,1.97,1.3,1.69,0.9
DID,4.5,3.9,3.9,3.3,4.8,5.4,6.2,4.5,5.0,3.9,3.4
DKC,,,,,,,,,,,0.0
DKH,,,,,,,,,0.0,0.0,0.0
DKP,,,,0.0,0.0,0.0,10.0,10.0,10.0,,
DLD,,10.0,11.3,11.3,7.8,9.0,9.0,18.8,18.8,26.3,37.5
DLR,9.4,9.4,10.5,9.5,9.0,11.8,11.8,9.2,9.1,9.1,10.4
DLT,11.6,11.6,10.0,6.9,6.9,16.3,12.0,11.0,9.3,9.3,9.3
DM7,,,,0.0,0.0,0.0,10.6,10.0,10.0,7.8,7.8
DMH,,,,,,,,,,,
DMN,,,,,,,,,,,
DNA,18.9,19.0,18.5,18.2,24.0,18.5,23.5,21.8,16.5,20.0,20.5
DNB,,,,,,0.0,0.0,0.0,0.0,0.0,6.9
DND,20.4,17.2,22.0,31.5,33.0,32.8,37.6,47.6,21.3,23.3,25.5
DNE,7.4,7.5,8.0,7.2,8.0,8.4,7.8,8.0,9.5,8.1,9.6
DNH,20.0,19.0,22.0,22.0,26.5,24.7,28.0,25.1,26.0,25.0,26.4
DNL,,13.0,12.0,11.6,13.0,12.4,18.0,18.8,17.9,18.3,18.0
DNN,6.7,6.7,6.7,6.7,6.7,6.7,6.7,6.7,6.7,6.7,6.7
DNR,0.0,7.5,8.0,6.9,6.8,7.0,18.1,16.9,8.7,12.0,10.5
DNS,,12.0,12.0,12.0,12.0,12.0,12.0,12.0,12.0,9.4,9.4
DNT,,,,,,,,,15.5,15.5,21.5
DNW,12.5,12.0,12.5,13.0,15.0,16.8,19.9,18.7,14.6,16.5,19.0
DNY,6.6,4.4,6.5,3.6,2.9,3.5,3.0,1.7,2.8,1.5,1.5
DOC,11.0,11.0,10.0,7.0,9.8,8.4,7.5,8.5,8.5,8.5,8.5
DOP,14.8,8.5,9.0,10.7,14.0,18.1,11.2,11.0,13.0,16.4,10.5
DP1,,12.0,10.9,11.0,13.0,12.4,18.8,14.8,11.4,10.9,17.3
DP2,11.5,10.5,9.2,10.0,8.7,7.4,5.2,5.0,4.0,3.0,2.3
DPH,23.8,25.5,24.0,21.9,20.5,22.0,22.9,23.0,24.4,22.4,25.0
DPP,,15.8,17.5,12.1,13.8,15.0,14.5,16.0,17.0,16.8,17.0
DRG,,,,,,,,12.0,7.3,10.0,8.8
DRI,10.2,7.7,7.7,5.5,6.6,7.6,5.4,6.0,3.5,4.2,4.2
DSG,0.0,10.0,10.0,16.1,16.1,16.1,16.1,22.0,22.0,22.0,11.4
DSP,,,,13.5,13.0,11.7,12.1,13.3,14.0,13.5,8.7
DSS,10.0,10.0,11.0,7.0,7.6,7.1,7.1,6.3,6.4,8.6,8.6
DSV,5.0,6.5,5.8,7.6,6.5,8.2,7.3,8.9,9.0,12.0,12.0
DT4,10.0,9.9,10.0,10.0,10.0,10.0,10.0,10.0,10.0,10.0,10.0
DTB,,,,,,,0.0,6.0,6.3,6.6,5.6
DTC,,12.6,11.3,14.2,13.9,17.0,12.3,11.0,12.9,8.6,17.6
DTF,,,,,,,,,,,
DTG,21.7,15.2,19.0,19.1,14.1,17.0,16.0,16.5,13.2,10.3,16.1
DTI,12.9,11.0,23.3,23.3,23.3,14.0,13.1,10.0,10.0,10.0,10.3
DTJ,,,,,,,,,,,
DTK,14.0,12.0,12.0,12.0,12.0,12.0,8.3,9.0,8.5,7.8,7.5
DTN,,4.9,5.1,5.1,4.5,7.3,7.9,30.0,50.0,28.3,74.0
DTP,,,,,,,,,,0.0,33.4
DTV,,14.8,17.3,20.8,21.5,21.0,19.8,21.0,25.3,35.6,35.6
DUS,,,,,,,,,0.0,0.0,0.0
DVC,,10.2,10.9,8.3,9.0,9.0,10.0,6.7,6.6,13.4,11.3
DVN,19.1,14.2,17.9,16.5,16.8,14.8,12.8,11.0,9.4,10.3,13.6
DVW,,35.0,30.5,18.2,15.2,24.9,26.0,13.1,16.0,16.0,19.6
DWC,,,,,,,,,,,
DWS,,,,,0.0,0.0,10.5,14.8,11.0,11.0,10.3
DX2,,,0.0,0.0,0.0,10.2,10.2,10.2,10.2,10.2,10.2
DXD,,,,,,,,,,0.0,0.0
DXL,,2.7,2.7,2.9,3.1,3.1,3.2,3.2,2.5,3.5,3.5
E12,,,,,,,,,0.0,8.0,8.0
E29,,,,,,,,19.3,15.9,16.2,7.9
EAD,18.0,26.5,15.3,10.8,20.3,19.5,19.5,19.5,19.5,19.5,9.5
EFI,3.4,3.1,3.7,4.4,2.5,3.3,3.3,3.1,3.1,2.2,1.7
EIC,8.2,8.5,8.6,8.2,8.2,12.0,10.0,7.0,10.5,9.2,8.7
EIN,3.3,3.1,3.5,3.3,3.2,2.7,4.7,4.2,4.2,3.9,3.6
EME,16.1,43.2,52.4,70.0,59.5,47.9,55.0,65.0,65.0,74.0,51.5
EMG,17.8,17.8,17.8,26.2,26.2,26.2,26.2,26.2,26.2,20.0,20.0
EMS,48.5,34.9,39.5,43.5,40.0,39.8,39.4,40.8,38.0,35.6,40.0
EPC,,,,0.0,0.0,0.0,0.0,0.0,6.2,6.2,6.2
EPH,9.0,8.0,5.5,6.5,7.3,7.0,6.7,7.1,6.7,7.1,7.3
ESL,,,,,,,,,,,
EVF,,,8.8,4.8,7.1,6.0,6.5,5.5,6.7,6.4,7.4
FBA,,0.0,0.0,0.0,0.0,0.0,0.0,0.0,0.0,0.0,0.0
FBC,21.0,21.0,21.0,10.8,10.8,10.8,8.1,8.1,8.1,8.1,8.1
FCC,11.0,11.0,11.0,11.0,11.0,11.0,11.0,11.0,11.0,11.0,11.0
FCS,10.0,8.0,12.0,9.0,9.0,9.0,9.0,7.6,7.6,7.6,7.6
FDG,1.2,1.2,0.8,0.4,0.6,1.1,0.7,0.4,0.9,0.4,0.6
FGL,,,10.0,10.0,10.0,10.0,10.0,11.1,11.1,11.1,11.1
FHH,,,,,,,,,,,
FHN,40.5,40.5,40.5,40.5,40.5,23.8,23.8,23.8,14.3,14.3,14.3
FHS,,,,37.0,28.4,25.5,26.0,25.0,25.0,29.0,30.0
FIC,,,9.2,7.8,9.9,10.5,10.0,14.0,8.5,10.2,12.2
FOC,,,,137.3,133.9,128.1,127.0,126.9,104.2,118.1,115.0
FOX,76.8,48.0,54.0,50.9,48.5,39.5,45.0,45.1,41.0,49.3,48.6
FRC,,,16.0,16.0,11.4,11.0,15.0,15.4,10.8,26.5,17.5
FRM,0.0,10.2,14.0,5.3,5.3,10.0,14.8,14.4,14.2,15.5,13.6
FSO,12.5,15.0,15.0,15.0,15.0,15.0,11.5,11.5,11.5,11.5,11.5
FT1,62.5,27.8,35.0,25.6,41.4,35.2,26.2,30.0,20.7,27.0,27.3
FTI,10.5,4.0,2.5,2.5,2.5,2.5,2.5,2.5,2.5,2.5,3.5
G20,,1.1,0.7,0.7,0.6,0.3,0.3,0.3,0.2,0.2,0.2
G36,5.7,5.5,4.9,5.9,6.4,5.7,5.6,4.8,2.7,5.5,5.6
GCB,7.8,7.0,6.0,6.0,6.0,6.0,6.0,5.6,4.9,4.4,7.7
GEM,,,,,,,,,,,
GER,,0.0,3.4,3.3,8.8,8.8,5.4,5.4,8.6,8.6,5.0
GGG,0.6,0.5,0.6,0.8,0.9,2.3,1.1,2.0,1.9,1.1,
GH3,,,,,,,,,,,
GHC,,31.5,31.5,31.8,31.2,35.4,36.0,32.0,31.8,34.5,35.3
GLC,,,,,11.7,10.0,10.0,10.0,10.0,10.0,10.0
GLW,0.0,0.0,8.0,8.0,8.0,8.0,6.8,6.8,6.8,6.5,6.5
GND,42.0,21.2,19.5,19.7,20.1,23.0,23.6,23.5,23.1,24.1,24.7
GQN,,,,,,,,,0.0,0.0,0.0
GSM,10.6,11.9,10.7,11.2,10.8,10.1,10.5,9.0,8.0,8.8,8.5
GTD,10.0,10.0,10.0,8.6,6.7,4.3,15.6,15.6,21.8,29.0,27.0
GTH,,4.0,11.2,12.2,5.3,5.4,5.6,7.1,5.4,4.4,4.7
GTK,,,,,,,,,0.0,0.0,0.0
GTS,6.2,9.2,6.2,9.8,8.2,7.3,7.8,15.5,9.0,9.8,10.0
GTT,0.4,0.4,0.3,0.3,0.4,0.3,0.3,0.2,0.2,0.2,0.3
GVT,9.6,10.1,11.1,21.2,35.0,30.0,28.2,19.6,26.0,29.5,35.5
H11,,5.9,8.0,5.5,5.5,7.3,9.2,10.4,13.8,13.8,19.0
HAB,12.7,20.0,20.5,20.0,28.0,28.0,28.0,28.0,28.0,28.0,28.0
HAF,33.0,31.0,38.5,65.6,27.5,18.0,12.4,20.0,22.0,19.2,24.1
HAM,19.5,18.0,20.7,17.1,17.0,18.0,18.0,23.0,23.5,21.5,23.0
HAN,11.8,11.8,9.5,10.0,8.4,8.4,9.8,9.4,7.0,11.9,12.0
HAV,7.9,3.2,3.1,2.8,4.2,4.2,2.6,3.2,3.3,3.1,3.0
HAW,,,,,,,,,,,0.0
HBD,,10.2,13.0,16.1,18.6,24.1,12.9,21.6,21.0,16.0,13.8
HBH,2.4,3.2,3.6,3.6,5.9,3.6,3.6,4.0,4.6,4.6,3.3
HBW,,,85.5,85.5,85.5,31.8,31.8,18.9,11.4,12.0,7.1
HC1,,,,,,,,,0.0,0.0,24.8
HC3,28.0,23.8,26.0,25.0,27.0,26.2,26.5,27.0,23.5,26.0,24.5
HCB,,,,,,,,25.0,24.0,20.5,18.8
HCI,,3.4,4.7,5.7,6.6,8.0,6.2,26.7,12.6,18.7,37.4
HCS,7.0,7.0,6.9,6.9,6.9,23.4,35.4,107.6,150.0,64.4,12.7
HD2,13.6,7.5,9.7,9.5,8.8,7.6,7.9,7.4,7.9,5.5,5.7
HD6,,,,,,,,,,,
HD8,,,,,10.2,7.2,7.1,7.1,6.2,6.4,7.4
HDM,,21.0,23.0,20.9,22.5,22.5,20.1,17.9,12.5,15.5,14.5
HDO,0.7,0.7,0.7,0.6,0.7,0.7,0.6,0.4,0.3,0.3,0.3
HDP,15.5,12.5,11.0,11.5,10.4,8.2,9.0,9.6,10.0,10.0,9.7
HDS,,,,,,,,,,,
HDW,8.0,9.5,9.4,12.2,11.0,10.6,12.8,11.5,12.5,9.1,10.2
HEC,25.0,27.5,28.0,29.5,30.0,30.5,30.0,30.0,31.5,45.0,46.0
HEJ,14.0,15.0,16.0,15.0,24.0,16.6,18.7,21.8,21.4,19.5,23.5
HEM,16.2,12.3,14.7,16.5,15.9,15.0,13.7,13.8,17.7,13.5,14.5
HEP,10.0,10.0,10.0,10.0,10.0,8.8,8.3,8.3,8.3,10.0,10.0
HES,13.9,13.9,9.5,8.0,12.8,6.8,11.0,10.0,10.5,10.5,10.6
HFB,10.2,6.8,8.8,8.5,4.9,10.2,9.1,5.5,4.4,6.0,7.5
HFC,,15.0,13.5,13.5,26.9,39.0,39.0,21.6,7.4,13.4,5.2
HFS,0.0,0.0,0.0,0.0,0.0,11.2,11.2,11.2,11.2,23.0,23.0
HFX,,0.0,0.0,0.0,0.0,0.0,0.0,0.0,0.0,0.0,0.0
HGA,,,,,,,,,0.0,15.4,15.4
HGC,,,,,,,,,0.0,0.0,0.0
HGR,,,,,,,,,,,0.0
HGT,,,,,,,,,,,
HGW,0.0,0.0,10.3,9.0,9.1,9.6,9.6,10.0,10.9,10.9,8.5
HHN,0.0,0.0,0.0,6.8,6.8,6.8,6.8,6.8,6.8,6.8,6.8
HHR,0.0,0.0,0.0,5.4,5.4,5.4,5.4,5.4,3.0,3.0,3.0
HHV,10.9,9.5,10.0,10.0,10.0,10.7,13.9,12.7,11.8,16.5,17.0
HIG,,7.0,7.6,6.9,5.3,7.0,6.6,6.6,5.2,7.1,9.5
HIZ,,,10.0,12.0,16.3,19.0,18.2,19.0,26.2,27.3,25.6
HJC,3.0,3.0,4.5,4.8,5.0,3.4,3.4,5.6,5.7,5.5,5.5
HKC,,,,,,,,,,21.5,14.0
HKP,5.2,7.4,10.2,12.0,9.2,7.0,4.5,5.7,7.0,4.8,4.0
HLA,0.4,0.3,0.3,0.2,0.2,0.2,0.3,0.3,0.3,0.2,0.3
HLB,70.0,43.4,58.0,72.0,75.0,86.0,112.0,107.0,88.4,103.0,105.9
HLE,10.1,10.1,10.0,10.0,8.0,4.8,4.3,4.5,4.5,4.5,4.5
HLG,9.68,9.7,8.88,7.18,9.0,7.76,7.8,6.6,6.6,6.2,6.2
HLR,5.4,8.5,9.0,9.0,9.0,9.0,9.0,6.0,6.0,6.0,6.0
HLS,23.5,23.5,27.4,26.9,30.0,28.0,12.3,14.4,32.9,15.1,21.1
HLT,,,,,,,,19.5,18.3,18.3,18.3
HMG,7.2,7.5,8.1,8.1,8.1,7.9,29.6,17.7,23.5,23.5,23.5
HMS,36.0,31.2,28.0,27.5,25.5,32.9,25.0,24.5,23.9,18.6,21.0
HNA,11.0,10.0,9.7,11.7,12.0,12.6,12.0,11.1,10.0,10.7,10.5
HNB,14.6,17.5,16.9,23.0,16.2,16.2,16.2,16.2,9.6,11.5,11.8
HNC,,,,,,,,,,,
HND,10.8,10.7,10.0,10.0,10.0,12.5,14.6,13.5,13.7,17.1,18.1
HNE,,,,,,,,,9.5,9.1,8.0
HNF,35.0,56.9,56.0,53.9,112.2,58.0,39.9,37.1,27.9,23.0,22.3
HNI,31.5,33.5,34.8,34.7,38.1,32.1,34.2,38.0,36.0,34.9,33.3
HNM,3.7,2.7,3.5,2.7,3.2,3.9,4.5,4.5,4.5,3.9,4.8
HNP,27.0,20.0,19.0,26.2,16.0,23.4,14.2,21.0,39.0,19.0,19.6
HNR,,0.0,0.0,20.0,12.0,12.0,12.0,12.0,12.0,12.0,12.0
HNT,4.1,4.1,4.1,4.1,4.1,4.1,4.1,4.1,4.1,2.5,2.5
HPB,,8.5,11.7,11.2,11.2,13.0,16.0,22.0,17.9,20.6,14.5
HPD,15.2,16.5,17.1,18.0,17.7,19.0,18.0,16.0,16.5,14.4,16.0
HPH,0.0,6.0,6.0,4.5,7.6,13.9,5.9,6.0,5.4,5.0,5.1
HPI,14.2,12.0,11.4,14.1,16.5,13.6,23.4,14.0,15.0,14.3,15.3
HPP,,34.5,39.0,38.0,36.5,37.0,32.0,30.0,35.6,36.9,36.5
HPT,,9.2,10.0,9.0,8.3,7.5,7.9,7.6,6.7,9.9,9.8
HPU,0.0,0.0,7.5,7.5,7.5,7.5,7.5,7.5,7.5,7.5,5.3
HPW,11.0,8.7,10.9,10.5,11.1,11.8,14.0,11.9,10.6,11.0,14.4
HRB,20.5,28.9,29.0,29.0,29.0,44.0,34.5,20.0,22.0,30.1,27.0
HRT,4.6,4.0,3.3,2.8,3.0,3.9,3.3,3.3,2.9,2.3,3.2
HSA,50.0,29.2,29.0,29.1,30.0,31.0,43.5,39.2,31.7,33.0,31.6
HSI,,2.6,2.0,1.7,1.6,1.7,1.5,1.2,,,1.1
HSM,,14.5,13.1,11.4,13.0,11.5,7.5,22.0,11.3,9.0,9.2
HSP,,,,,,,,,0.0,12.0,10.0
HT9,,,,,,,,,,,
HTE,6.4,7.8,6.5,6.9,6.3,5.9,5.0,4.8,5.2,5.0,6.0
HTG,20.0,19.6,20.5,22.5,22.5,22.0,19.8,20.0,15.0,21.9,17.5
HTK,,,23.5,10.5,10.5,10.5,10.5,11.5,11.5,11.0,10.0
HTM,,9.5,8.3,9.0,8.4,7.4,15.0,17.8,10.5,11.5,10.9
HTR,10.0,10.0,10.0,10.0,10.0,10.0,10.0,10.0,10.0,10.0,5.4
HTS,,,,,,,,,,,
HTT,2.98,2.5,2.52,1.89,1.67,1.65,1.52,1.06,1.03,0.8,0.8
HTU,0.0,0.0,0.0,0.0,0.0,0.0,0.0,0.0,9.0,9.0,9.0
HTW,0.0,0.0,0.0,0.0,0.0,0.0,0.0,0.0,0.0,0.0,0.0
HU4,9.0,9.2,6.5,7.7,5.5,5.0,4.8,4.9,5.0,8.0,6.8
HU6,8.6,7.0,7.6,6.1,8.3,9.8,6.1,10.3,7.6,7.3,5.9
HUG,12.9,12.9,12.9,26.7,40.0,33.6,35.8,32.2,52.0,42.8,35.0
HUX,,,,,,,,,,,0.0
HVA,3.6,3.1,4.2,2.8,2.0,1.5,0.8,0.8,0.5,1.7,4.6
HVG,5.2,2.59,6.85,4.78,6.83,3.5,2.8,8.17,5.62,5.4,4.4
HWI,,,,,,,,,,,
HWS,,,9.2,6.9,7.1,11.0,11.1,11.7,10.2,13.8,12.0
I10,0.0,0.0,0.0,0.0,0.0,0.0,0.0,0.0,0.0,0.0,0.0
IBD,,,,,,12.5,12.5,12.5,12.5,11.0,11.0
ICC,50.3,40.0,54.0,42.0,49.1,47.4,44.9,44.8,42.5,36.8,33.3
ICF,1.81,2.22,1.76,1.85,1.2,1.2,1.1,,1.5,1.1,1.5
ICI,,0.0,0.0,8.3,8.3,8.3,8.3,8.3,8.3,8.3,4.6
ICN,38.2,36.0,36.0,38.0,51.0,74.0,100.5,60.1,57.7,67.0,55.0
ICS,,,,,,,,,,,
IED,,,,,,,,,,,
IFC,11.0,16.5,7.7,8.9,6.3,9.5,9.3,10.6,5.8,10.7,8.5
IFS,9.0,9.5,12.0,12.0,13.0,26.0,23.2,18.0,16.0,18.0,18.0
IHK,,10.1,11.0,11.5,11.5,11.5,8.5,10.3,13.0,11.5,15.9
IKH,10.6,10.6,10.6,10.6,7.0,7.9,7.9,7.9,7.9,7.9,7.9
ILA,12.9,6.2,7.1,3.4,3.2,1.5,1.7,2.8,2.3,2.5,2.4
ILC,,,0.0,1.8,3.0,3.0,2.5,2.4,2.2,2.8,3.5
ILS,19.7,15.2,14.9,13.0,14.5,15.4,15.2,16.0,12.1,11.5,10.7
IME,,9.6,12.5,12.4,12.9,23.3,13.8,10.2,10.2,10.2,10.2
IMI,,,,,,,,,,,
IN4,,48.3,51.9,51.1,96.4,110.0,99.8,94.0,68.1,68.1,95.3
IN7,,,,,,,,,,,
IPA,16.6,14.0,16.0,14.9,12.9,15.3,15.5,19.0,19.5,19.5,17.7
IPH,,,,,,,185.0,69.0,69.0,69.0,69.0
IRC,0.0,0.0,0.0,10.1,10.0,10.0,10.0,10.0,10.0,10.0,10.0
ISG,1.9,1.9,1.9,1.9,1.2,1.2,1.2,1.2,2.0,2.3,2.5
ISH,13.0,18.6,14.5,19.0,16.0,15.2,16.1,14.8,13.1,15.0,18.0
IST,16.3,17.0,15.0,21.1,42.0,23.4,22.4,25.7,22.0,19.9,19.3
ITS,2.9,2.8,2.7,2.1,2.3,2.1,3.8,3.1,3.3,3.5,3.8
JOS,0.0,0.0,1.1,1.8,2.5,2.2,2.2,2.2,2.2,2.2,2.2
KAC,17.5,20.25,7.35,15.0,14.7,14.7,14.7,14.7,14.7,14.7,8.9
KBE,,19.9,16.0,17.5,18.0,17.0,17.0,18.4,19.9,19.9,19.9
KCB,3.1,1.7,3.0,2.6,3.9,1.9,2.7,3.0,3.0,1.8,2.1
KCE,,18.7,18.7,17.5,18.0,18.0,12.0,10.0,16.1,10.2,11.9
KGM,10.0,6.0,5.3,11.1,7.8,8.2,9.5,13.3,5.0,5.4,5.4
KHA,32.0,40.2,42.9,39.8,34.0,29.5,26.3,40.9,38.9,44.0,34.6
KHB,0.6,0.9,,,,0.7,0.9,0.8,0.6,0.5,0.6
KHD,13.6,7.0,7.0,9.8,20.7,57.8,20.8,11.5,7.7,8.0,8.7
KHL,0.4,0.3,0.4,0.2,0.3,0.3,0.4,0.2,0.2,0.3,0.3
KHW,0.0,0.0,0.0,25.0,27.0,22.0,17.1,20.5,19.0,19.0,19.0
KIP,16.0,38.0,40.0,45.0,12.3,12.5,12.1,10.3,18.7,24.6,14.8
KLM,,,,,,,,0.0,12.0,9.6,9.6
KSA,0.75,0.48,,,,,,,,,
KSE,15.2,15.2,8.6,10.0,10.0,10.5,34.2,44.8,20.7,30.0,23.4
KSH,1.84,1.99,1.83,1.4,1.22,0.68,0.7,0.4,0.4,0.5,0.9
KSK,1.1,0.5,0.4,0.3,0.3,0.2,0.2,0.2,0.2,0.3,0.2
KSS,,,,,,,,,,,
KSV,11.0,11.0,11.0,11.0,13.0,12.5,13.0,13.0,13.0,13.0,9.5
KTB,1.9,1.9,1.9,1.9,1.9,1.9,1.9,1.9,1.9,1.9,1.9
KTC,,0.0,0.0,26.7,26.7,26.7,26.7,26.7,26.7,26.7,11.4
KTL,,20.8,20.3,23.8,21.0,22.0,20.1,22.8,17.5,24.0,22.5
KTU,0.0,13.8,13.8,13.8,13.8,13.8,13.8,13.8,13.8,13.8,13.8
KTW,,,,,,,,,,,
KWA,,,,,,,,,,,
L12,6.2,6.3,3.7,4.0,4.6,6.3,14.2,14.2,4.0,4.2,4.6
L44,2.5,1.6,1.3,0.8,1.1,1.8,2.4,2.4,2.4,1.4,1.5
L45,3.3,2.7,4.0,2.8,2.0,2.0,1.3,1.3,1.6,2.0,1.9
L63,6.1,7.1,7.3,9.0,7.4,8.0,8.0,8.0,5.7,7.5,12.5
LAI,9.7,9.3,9.3,9.2,9.5,11.5,12.5,12.5,12.5,12.7,13.5
LAW,13.4,10.0,10.0,14.0,14.5,12.5,11.0,15.4,15.4,15.4,15.4
LBC,11.0,12.6,12.6,12.0,12.0,12.0,12.0,12.0,12.0,12.0,11.0
LCC,,0.0,0.0,0.0,0.0,0.0,0.0,0.0,0.0,0.0,0.0
LCW,0.0,0.0,0.0,0.0,0.0,0.0,0.0,0.0,0.0,0.0,0.0
LDU,,,,,,,,,,,
LDW,0.0,0.0,0.0,0.0,0.0,0.0,13.5,13.5,13.5,13.5,13.5
LG9,0.0,0.0,6.0,9.5,10.0,10.5,7.2,7.5,7.0,7.0,8.0
LGM,,,,,,,,20.0,16.1,14.0,12.0
LIC,7.5,5.0,5.0,5.5,5.7,5.0,4.9,5.7,6.0,8.4,5.4
LKW,,14.6,17.5,17.3,20.8,21.3,23.1,21.0,29.7,23.7,25.8
LLM,20.9,19.4,19.0,18.9,21.5,22.7,20.8,21.5,17.8,15.2,15.5
LM3,0.8,,0.9,1.1,0.9,,0.7,0.8,0.8,0.7,0.7
LMC,14.5,18.0,10.1,6.0,7.4,9.7,9.5,9.7,10.1,14.0,19.8
LMH,,,,10.0,11.7,16.1,15.7,9.17,1.07,0.73,0.8
LMI,10.5,15.0,12.8,10.0,10.5,9.5,10.0,10.0,10.0,10.0,9.4
LNC,,,,,,,0.0,10.0,10.0,10.0,10.0
LQN,0.0,0.0,0.0,0.0,0.0,0.0,0.0,0.0,0.0,0.0,0.0
LTC,3.6,3.3,3.9,3.5,3.4,,3.4,3.2,3.2,2.8,2.2
LTG,41.0,38.6,37.9,26.0,26.1,23.0,23.7,20.9,13.2,19.2,25.6
LWS,0.0,0.0,0.0,0.0,0.0,0.0,17.9,17.9,10.8,10.8,10.3
M10,37.0,37.0,22.5,17.0,19.0,17.6,18.0,18.0,18.5,16.3,17.8
MA1,,,,,,,,,,0.0,24.6
MBN,,,,0.0,0.0,0.0,0.0,0.0,0.0,0.0,0.0
MC3,0.0,0.0,0.0,0.0,0.0,0.0,0.0,0.0,0.0,7.0,8.0
MCH,96.0,90.0,90.1,102.0,99.0,96.0,74.0,72.5,57.0,69.3,73.9
MCI,5.3,5.3,5.6,5.6,5.6,5.6,5.6,5.6,5.6,5.6,5.6
MCM,,,,,,,,,,,
MCT,0.0,18.6,18.6,16.2,16.2,16.2,16.2,10.0,10.0,10.0,8.5
MDA,0.0,0.0,0.0,0.0,0.0,0.0,0.0,0.0,0.0,0.0,0.0
MDF,,0.0,0.0,5.1,5.1,5.1,8.5,8.5,8.5,5.2,5.1
MDN,,,,0.0,0.0,13.2,12.8,12.8,12.8,13.0,13.0
MDT,,,,,,,,,0.0,0.0,0.0
MEC,3.0,2.4,3.5,2.6,2.1,1.9,1.8,1.5,,0.9,1.9
MEF,,0.0,0.0,0.0,0.0,1.6,1.6,1.6,1.6,1.6,1.6
MEG,,,,,,,42.5,31.8,21.0,29.0,17.0
MES,0.0,0.0,0.0,0.0,0.0,0.0,0.0,0.0,0.0,0.0,0.0
MFS,,,,,,32.7,22.8,24.0,20.0,24.4,23.5
MGC,7.0,7.0,7.0,7.0,7.0,7.0,7.0,7.0,7.0,7.0,7.0
MGG,67.0,49.3,35.7,50.0,40.0,59.9,30.0,52.6,49.5,58.0,51.6
MH3,24.0,23.3,22.0,39.5,44.6,41.8,38.7,34.4,28.0,40.5,45.2
MHP,,,,,,,,,,,
MHY,,,,,,0.0,0.0,0.0,0.0,18.8,18.8
MIC,4.0,4.8,3.4,5.0,7.2,5.9,6.0,6.0,6.0,6.0,4.8
MIE,0.0,0.0,0.0,0.0,0.0,0.0,0.0,0.0,0.0,0.0,0.0
MKP,76.0,65.0,60.9,64.4,60.0,62.5,49.5,54.0,40.8,49.8,40.0
MLC,0.0,0.0,0.0,0.0,0.0,0.0,0.0,0.0,0.0,0.0,0.0
MLS,10.0,6.3,10.0,18.1,18.1,18.1,11.0,12.5,10.2,23.0,45.6
MMC,1.3,,,,,,,,,,
MML,,,,,,,,66.0,35.5,46.6,41.0
MNB,,37.9,35.0,36.1,35.8,35.0,34.5,36.9,33.5,34.0,29.9
MND,9.9,9.9,9.9,9.9,9.5,10.0,9.5,10.0,10.0,9.0,10.0
MPC,92.0,39.0,47.5,40.3,44.6,34.4,25.9,21.8,17.7,25.7,30.8
MPY,0.0,0.0,0.0,0.0,0.0,0.0,0.0,0.0,8.3,8.3,8.3
MQB,0.0,10.1,10.1,10.1,10.1,10.1,10.1,10.1,10.1,10.1,10.1
MQN,,31.1,39.6,46.2,42.0,41.0,28.5,32.9,37.0,44.1,37.9
MRF,22.0,17.1,23.0,22.1,23.0,20.0,20.0,20.0,20.0,18.3,41.9
MSR,30.2,21.0,21.9,19.0,20.3,18.4,16.8,16.2,14.6,15.2,16.0
MT9,,,,,,,,,,,
MTA,1.9,1.7,1.4,1.9,1.7,1.4,1.5,1.4,1.2,3.8,7.7
MTB,,,,,,,,,,,
MTC,,0.0,0.0,0.0,0.0,0.0,0.0,0.0,0.0,0.0,0.0
MTG,4.1,3.7,4.0,3.6,3.5,2.4,2.5,2.2,1.9,2.6,5.2
MTH,,8.9,11.5,9.3,8.8,7.9,7.3,7.0,7.0,8.1,14.3
MTL,13.9,13.9,13.9,13.9,13.9,13.9,13.9,13.9,13.9,11.0,11.0
MTM,2.6,2.6,2.6,2.6,2.6,2.6,2.6,2.6,2.6,2.6,2.6
MTP,,0.0,13.0,10.5,12.5,11.2,12.8,12.5,12.5,11.5,10.5
MTS,0.0,0.0,0.0,0.0,0.0,0.0,0.0,0.0,0.0,0.0,0.0
MTV,13.0,14.0,16.2,10.5,13.0,11.2,13.6,13.5,15.0,16.6,14.5
MVC,12.0,10.0,9.9,10.0,10.0,9.5,10.0,8.5,9.3,9.0,10.5
MVN,,,,11.6,12.0,14.3,12.4,12.4,12.4,9.3,10.0
MVY,3.2,2.2,5.9,7.9,9.4,4.7,4.8,5.5,5.0,3.5,3.9
MXC,,,,,,,,,,,
NAC,7.0,6.0,11.8,11.8,11.8,7.1,7.1,4.6,4.6,4.6,4.6
NAS,32.3,30.0,32.4,27.0,30.0,30.0,29.8,31.7,30.0,31.3,28.2
NAU,,0.0,0.0,0.0,0.0,0.0,0.0,0.0,0.0,0.0,0.0
NAW,8.4,10.1,15.8,15.8,15.7,6.0,8.5,7.3,4.1,7.9,9.0
NBE,7.7,6.6,7.9,5.5,6.7,6.6,7.0,7.0,6.5,6.8,7.1
NBR,9.0,9.0,9.0,9.0,9.0,5.7,10.6,10.8,11.0,11.0,9.0
NBT,6.1,6.1,6.4,6.4,6.4,6.4,6.0,6.0,6.0,8.1,13.5
NCP,4.7,4.5,4.5,3.0,3.8,4.5,8.4,7.6,11.5,9.8,8.7
NCS,49.3,37.0,39.0,37.2,36.0,31.5,28.7,25.0,16.8,19.0,19.0
ND2,,20.0,22.5,20.4,22.5,21.5,21.0,24.0,24.0,24.8,26.0
NDC,,26.0,34.7,42.0,41.0,45.0,40.7,50.9,35.1,39.2,44.1
NDF,2.8,1.6,1.4,1.4,1.4,1.4,1.4,0.8,0.4,0.4,0.8
NDP,33.0,26.8,27.1,22.5,26.0,16.5,18.5,29.8,24.0,26.0,24.0
NDT,,,0.0,6.9,7.2,6.2,5.7,9.2,6.3,4.0,4.1
NDW,,,,,,0.0,0.0,0.0,0.0,0.0,0.0
NED,9.9,10.4,10.1,10.0,10.5,10.2,9.0,7.5,8.5,10.1,9.2
NHT,45.0,53.0,48.0,45.1,59.1,50.0,69.0,39.5,23.5,23.8,27.5
NHV,14.2,14.0,13.3,13.9,13.9,13.9,13.9,13.9,13.9,13.9,25.1
NJC,,,,,,,,,,,
NLS,11.1,11.1,11.1,9.9,9.9,9.5,9.5,14.5,17.0,11.8,11.8
NMK,,8.5,10.0,10.7,8.8,8.5,8.3,12.4,6.8,7.9,6.3
NNB,0.0,0.0,0.0,0.0,0.0,0.0,0.0,0.0,0.0,0.0,0.0
NNG,,8.0,6.2,7.3,6.2,5.5,8.2,8.8,7.4,9.7,12.9
NNQ,,,,,,,,,8.5,7.3,7.3
NNT,,15.3,13.2,13.2,20.9,22.9,21.7,21.7,16.0,15.0,22.0
NOS,,0.3,0.4,0.4,0.4,0.3,0.3,0.5,0.6,0.4,0.3
NQB,0.0,11.1,11.1,9.8,11.2,11.2,11.2,13.5,17.1,16.8,23.5
NQN,,15.5,12.1,5.8,5.5,13.2,12.2,12.9,10.0,12.5,13.5
NQT,8.0,10.5,10.5,9.0,9.0,9.0,9.0,9.0,9.0,9.0,9.0
NS2,27.0,31.7,22.9,29.8,26.1,21.9,13.6,14.5,10.5,11.9,10.0
NS3,39.9,51.0,29.0,29.5,27.0,25.1,22.0,19.0,25.1,16.1,20.8
NSG,11.8,11.5,12.0,12.8,9.8,10.0,10.0,13.0,12.6,9.1,10.3
NSL,,,,,,,9.0,9.7,8.0,8.3,10.4
NSS,,,,0.0,0.0,0.0,0.0,0.0,0.0,0.0,0.0
NTB,0.6,0.5,0.5,0.4,0.4,0.4,0.5,0.3,0.3,0.3,0.4
NTC,76.0,64.5,74.4,78.8,114.9,145.7,165.3,165.4,136.8,188.8,203.7
NTF,,,,,,,22.0,42.8,30.0,30.0,30.0
NTR,6.0,6.0,6.0,6.0,6.0,6.0,6.0,6.0,6.0,6.0,6.0
NTT,12.3,12.3,10.0,10.0,10.0,10.0,10.0,9.6,11.0,6.5,5.5
NTW,,24.3,22.0,28.8,21.5,22.9,15.6,24.2,20.7,19.0,22.2
NUE,9.0,8.3,7.0,6.6,7.8,7.3,7.8,8.0,8.1,8.8,8.0
NVP,6.3,6.3,6.3,6.3,6.3,6.3,6.3,6.3,6.3,6.3,6.3
NWT,0.0,0.0,0.0,0.0,0.0,0.0,0.0,0.0,0.0,0.0,0.0
OIL,21.0,16.1,17.1,15.1,13.7,11.8,11.1,8.0,6.0,8.0,8.3
ONW,16.4,14.6,14.9,15.3,15.3,15.3,15.3,13.4,14.3,14.3,14.3
PAI,0.0,0.0,0.0,0.0,0.0,0.0,0.0,0.0,0.0,0.0,0.0
PAS,,,,,,,,,,,13.4
PBC,,,,,,,,20.4,16.6,22.0,14.3
PBK,0.0,0.0,0.0,0.0,0.0,0.0,0.0,10.0,10.0,10.0,10.9
PBT,,,,,17.8,24.3,11.9,21.9,28.0,10.0,7.4
PCC,17.6,17.0,12.5,19.9,15.0,14.0,12.0,11.0,8.6,22.7,13.3
PCF,10.0,10.0,10.0,10.0,10.0,10.0,10.0,10.0,6.0,3.7,3.7
PCM,5.1,4.0,2.1,4.9,4.9,7.0,7.0,9.8,8.5,8.6,8.6
PCN,3.3,3.1,4.2,7.8,9.0,3.4,4.7,3.3,4.3,1.9,2.1
PDT,,,,9.5,8.0,7.0,6.0,10.5,13.6,10.9,10.1
PDV,4.8,5.9,4.7,4.0,4.4,5.9,3.6,3.5,3.1,2.7,3.3
PEC,,8.8,10.0,8.0,8.0,8.0,8.1,15.2,9.3,9.3,7.0
PEG,,,,0.0,0.0,0.0,0.0,0.0,0.0,0.0,0.0
PEQ,33.0,26.4,30.2,33.0,38.0,28.1,36.2,45.0,26.6,30.0,40.0
PFL,1.2,0.9,0.8,0.8,,0.9,,0.9,0.6,0.8,1.8
PGV,16.0,11.3,13.7,10.7,10.8,10.3,10.4,9.5,9.5,10.5,11.5
PHH,12.0,9.3,9.0,12.9,11.6,11.9,8.5,7.3,8.3,9.0,8.0
PID,6.3,6.3,6.3,6.3,6.3,6.3,6.3,6.3,6.3,6.3,6.3
PIS,11.5,11.0,8.0,11.2,11.2,9.2,8.1,7.0,7.0,6.3,8.8
PIV,4.1,1.7,1.6,1.5,1.1,0.9,0.6,0.3,0.4,0.5,0.5
PJS,,12.3,12.6,11.7,11.0,12.0,10.4,11.0,10.5,8.2,5.0
PKR,6.7,8.0,10.0,5.3,2.9,1.9,2.9,5.2,11.5,2.9,2.9
PLA,5.0,6.2,5.0,4.8,4.8,5.0,5.0,5.0,5.0,5.0,4.3
PLO,,,,,,,,,,3.0,3.0
PMJ,18.2,8.5,10.4,10.4,10.6,6.7,16.9,12.8,11.5,15.0,18.9
PMT,,4.1,4.0,4.5,4.5,4.9,5.3,4.9,4.2,7.8,4.4
PMW,,,,,,,24.1,24.2,22.5,17.0,18.5
PND,10.1,8.0,8.0,8.0,8.0,7.7,7.7,8.7,8.0,8.0,12.0
PNG,14.0,13.0,14.5,13.5,14.0,14.2,13.8,12.5,10.2,11.0,10.8
PNP,,,,,,0.0,6.6,6.6,19.0,13.0,15.5
PNT,7.4,7.3,7.1,6.1,6.3,8.9,9.1,7.5,5.0,8.5,6.9
POB,10.1,10.1,6.4,13.9,13.9,13.9,18.6,18.6,4.8,7.1,17.8
POS,12.5,8.2,11.4,8.3,9.7,8.6,8.3,9.1,5.5,7.0,9.7
POV,,13.2,14.1,8.5,8.7,7.9,7.4,10.2,8.0,5.5,5.4
PPH,16.0,13.4,16.0,16.0,16.5,16.6,16.0,16.0,14.0,16.0,14.6
PPI,1.27,1.26,1.3,0.89,0.74,0.8,0.6,0.5,0.4,0.6,0.8
PQN,,,,,,,,0.0,0.0,0.0,0.0
PRO,,5.7,11.8,15.1,6.7,4.4,3.9,6.8,4.1,6.0,4.3
PRT,,15.5,16.0,17.0,15.3,15.6,16.1,17.9,19.0,18.0,11.1
PSB,,3.5,3.5,3.3,3.3,3.0,3.1,3.3,2.8,5.8,7.6
PSG,0.4,0.4,0.3,0.4,0.3,0.4,0.3,0.2,0.2,0.3,0.6
PSL,,32.9,33.0,34.2,27.9,26.4,19.4,22.0,15.5,22.0,27.9
PSN,11.8,9.0,8.5,8.5,11.2,8.0,6.3,6.3,6.3,8.8,8.8
PSP,,6.2,6.1,6.1,6.2,6.3,6.1,6.1,5.4,5.0,6.1
PTE,6.5,2.0,1.6,3.7,5.4,7.1,7.1,6.1,4.5,2.0,1.8
PTG,,0.0,0.0,0.0,0.0,0.0,0.0,2.1,2.1,2.1,2.1
PTH,,9.4,6.9,23.9,19.9,15.0,12.2,12.2,11.0,10.0,12.1
PTK,1.7,1.7,1.7,1.7,1.7,1.7,1.7,1.7,1.7,1.7,1.7
PTN,,,,,,,,,,,
PTO,13.0,7.8,4.7,2.9,2.9,1.8,1.8,1.8,1.8,1.8,1.8
PTP,,5.7,9.2,10.0,14.0,14.0,9.5,13.6,10.0,10.2,11.0
PTT,,3.2,6.2,8.5,3.5,3.9,4.0,4.1,6.6,5.3,3.8
PTV,,,,,,,,10.0,6.0,5.0,3.9
PTX,,,0.0,6.0,6.0,8.4,9.9,5.1,3.1,1.9,1.2
PVA,0.6,0.5,0.6,0.5,0.4,0.6,0.5,0.5,0.4,0.3,0.4
PVE,7.3,5.0,5.5,4.5,3.9,2.6,2.5,2.6,2.6,1.9,1.9
PVH,1.2,2.1,2.1,1.5,1.2,1.1,0.6,0.9,0.6,0.7,
PVM,10.2,11.4,10.1,10.9,9.9,11.1,10.3,13.8,12.3,11.5,12.8
PVO,6.7,5.0,5.8,4.8,4.4,4.2,3.7,3.3,2.6,2.8,3.1
PVP,6.3,7.0,6.3,7.0,6.8,6.8,7.0,5.8,4.7,5.9,7.7
PVR,2.8,1.6,1.9,1.1,1.6,1.2,1.3,1.4,1.2,1.5,1.3
PVV,1.4,,0.8,0.6,0.6,0.7,0.5,0.5,0.4,0.7,0.9
PVX,2.1,1.4,1.3,,1.5,1.1,1.3,1.1,0.7,1.2,1.6
PVY,2.4,2.3,2.4,2.0,2.2,2.2,2.0,2.1,2.1,2.3,2.0
PWA,,,,,,17.0,13.3,10.4,6.8,8.6,9.5
PWS,7.3,8.3,8.3,6.6,12.0,26.0,16.2,14.0,14.0,25.5,13.0
PX1,,0.0,0.0,0.0,0.0,0.0,0.0,0.0,0.0,0.0,0.0
PXA,1.1,0.6,1.4,1.6,1.9,2.3,1.9,2.0,1.5,1.7,1.8
PXC,0.0,0.0,0.0,0.0,0.0,0.0,0.0,0.0,0.0,0.0,0.0
PXL,4.0,2.4,2.8,3.1,7.5,5.8,5.0,8.1,7.5,10.6,9.9
PXM,0.4,0.4,0.4,0.3,0.3,0.3,0.3,0.2,0.3,0.3,0.3
PYU,0.0,0.0,0.0,0.0,0.0,0.0,0.0,0.0,0.0,0.0,17.1
QBR,9.0,9.0,10.0,10.0,10.0,10.0,10.0,10.0,10.0,10.0,10.4
QCC,8.2,8.0,8.2,8.5,11.2,9.4,6.6,5.3,5.5,8.6,10.0
QHW,18.5,23.0,18.3,15.4,15.9,13.8,17.2,24.0,14.0,13.7,14.2
QLD,0.0,0.0,6.0,6.0,6.0,6.0,5.0,5.0,5.0,5.0,5.0
QLT,11.5,11.0,11.0,11.0,11.0,9.4,6.3,24.7,19.9,11.5,11.5
QNC,4.6,4.0,3.7,3.9,3.6,3.6,2.4,2.4,2.2,2.9,
QNS,58.7,36.0,39.4,41.9,42.6,30.1,29.7,28.1,22.4,29.0,33.6
QNT,,,,,,,,,0.0,0.0,0.0
QNU,10.0,10.0,10.0,10.5,10.0,10.5,10.5,10.0,10.5,10.5,10.0
QNW,0.0,0.0,0.0,0.0,0.0,0.0,0.0,0.0,0.0,0.0,0.0
QPH,,25.9,26.1,29.6,21.0,25.3,22.0,20.0,19.5,20.0,20.0
QSP,7.0,10.6,13.1,11.8,13.9,16.7,14.0,13.5,16.3,15.0,15.6
QTP,9.2,9.8,9.4,10.9,8.8,10.4,11.3,11.0,10.6,11.7,11.0
RAT,8.2,9.5,5.7,7.0,7.0,7.0,6.5,4.0,9.3,15.1,13.5
RBC,14.6,14.6,14.6,14.6,14.6,14.6,14.6,14.6,14.6,14.6,14.6
RCC,18.0,18.9,15.4,27.0,21.0,24.3,20.9,25.0,24.4,26.2,24.3
RCD,,14.9,16.5,21.7,17.5,19.0,23.0,13.0,9.9,5.7,6.6
REC,,,,,,,,,,,
REN,,,,,,,,,,,
RGC,7.9,6.9,6.2,8.1,7.8,9.2,3.0,3.7,4.0,2.9,8.2
RHN,10.0,10.0,10.0,10.0,10.0,10.0,10.0,10.0,10.0,10.0,10.0
RLC,10.0,10.0,10.0,10.0,10.0,10.0,10.0,10.0,10.0,10.0,10.0
RRC,,,,,,,,,,,
RTB,12.0,9.0,12.4,10.0,9.8,10.4,10.0,10.4,8.6,11.0,9.0
RTH,6.0,6.0,6.0,6.0,6.0,5.2,5.2,6.1,6.1,6.1,6.0
RTS,8.5,13.5,12.6,12.7,20.8,36.4,24.8,21.0,28.0,21.0,20.0
S12,,0.7,0.7,0.4,0.3,0.3,0.3,0.3,0.3,0.3,0.3
S27,5.8,5.8,5.8,3.5,3.5,3.5,3.5,4.0,4.6,3.9,3.9
S72,,6.5,3.7,3.7,3.7,3.7,2.3,2.3,2.3,3.2,3.2
S96,0.5,0.7,0.5,0.5,0.5,0.4,0.4,0.5,0.4,0.3,0.4
SAC,17.9,13.7,14.9,12.0,12.7,13.7,10.2,9.7,9.1,9.1,9.1
SAD,,,,,,,,,,,
SAL,9.7,9.0,9.0,9.0,9.0,9.0,9.0,9.0,9.0,9.0,9.0
SAP,6.5,6.5,7.9,6.7,6.0,8.9,8.5,4.3,4.5,8.9,9.0
SAS,30.9,26.5,25.5,23.5,27.0,26.0,37.0,31.8,23.0,25.3,27.9
SB1,14.5,10.5,11.5,14.5,11.8,12.8,8.5,8.1,6.8,8.6,8.5
SBD,13.9,12.3,12.4,17.1,11.0,9.0,13.0,8.0,8.1,9.0,11.5
SBH,,25.0,25.0,26.0,24.0,24.7,30.2,23.1,26.0,26.0,23.5
SBL,20.0,24.7,19.0,24.5,20.0,16.0,15.9,15.0,13.0,13.5,12.9
SBM,31.0,30.0,28.0,29.0,32.0,28.1,22.0,20.0,19.0,25.1,26.0
SBR,,,,,,,,,,,
SCA,,,,,,,,,,,0.0
SCC,2.0,1.5,1.6,1.1,0.8,0.4,2.9,4.3,4.7,1.7,1.8
SCG,,,,,,,,,,,
SCJ,4.0,2.8,2.6,5.6,3.6,4.5,3.7,2.0,3.8,2.0,2.3
SCL,3.3,2.5,2.6,3.0,3.1,4.8,4.7,4.5,3.7,2.4,6.6
SCO,,5.6,5.6,5.6,5.6,5.6,3.4,3.4,3.0,3.0,3.0
SCY,0.0,0.0,0.0,0.0,0.0,0.0,0.0,0.0,0.0,0.0,0.0
SD1,2.0,2.0,2.0,2.0,2.0,2.0,2.0,1.3,1.1,0.6,0.8
SD3,,3.4,2.4,3.1,2.1,2.8,2.0,2.3,2.0,2.0,3.2
SD7,3.1,3.8,3.3,3.9,4.0,3.9,6.0,5.3,2.8,2.8,3.0
SD8,0.3,0.4,0.3,0.3,0.5,0.5,0.5,0.5,0.3,0.3,0.3
SDB,1.6,1.3,1.3,2.0,2.0,2.0,2.0,2.7,3.0,3.4,2.5
SDD,1.7,1.9,3.2,2.0,2.9,3.0,2.6,2.8,2.4,2.1,2.4
SDE,1.7,1.6,1.5,1.5,1.5,3.6,3.4,3.4,1.3,,1.3
SDH,2.4,1.8,1.3,1.2,1.3,1.3,1.6,,0.5,0.5,0.9
SDJ,9.3,9.2,8.1,8.0,8.0,8.0,8.0,9.4,9.4,9.4,5.7
SDK,,29.7,36.5,35.5,42.0,38.0,36.2,40.2,30.0,22.5,25.0
SDP,2.7,2.2,1.6,1.6,1.7,1.6,1.4,1.6,,1.2,1.2
SDV,,18.6,16.4,15.0,16.5,20.0,21.0,19.5,15.2,20.0,22.0
SDX,6.8,6.8,6.8,6.8,6.8,6.8,6.8,6.8,6.8,6.8,4.2
SDY,7.5,7.5,7.5,7.5,7.5,4.5,4.5,4.5,4.5,4.5,4.5
SEA,16.1,15.0,13.3,13.5,14.4,14.5,15.2,14.5,13.5,21.8,25.3
SEP,9.1,11.4,10.0,10.0,11.5,13.2,12.9,14.0,13.0,15.4,14.3
SGO,1.3,0.8,0.8,0.8,0.8,0.8,0.8,0.8,0.2,0.2,0.4
SGP,12.2,11.0,8.9,8.7,8.8,7.8,8.9,7.1,5.1,6.3,8.5
SGS,,12.9,13.8,13.5,23.0,20.8,26.0,14.9,19.5,15.5,16.5
SGV,,,,,,,,,,,
SHC,4.1,5.0,5.4,5.5,6.0,6.5,6.2,6.0,5.7,6.5,5.3
SHG,2.2,2.6,2.6,2.6,2.6,2.6,2.6,2.6,2.6,2.3,2.0
SHX,5.0,5.0,5.0,6.5,14.6,14.6,20.0,20.0,20.0,20.0,12.0
SID,18.8,17.2,15.0,20.0,16.0,15.5,12.8,11.3,9.2,9.2,9.5
SIG,,,,,,,,6.5,5.1,3.1,3.0
SIP,,,,,,64.0,92.3,95.5,64.0,83.0,79.5
SIV,51.2,51.6,51.0,55.5,47.0,39.7,33.1,45.8,76.0,98.9,46.5
SJG,7.5,8.6,7.4,7.3,5.3,5.5,5.3,5.8,5.8,6.3,5.4
SJM,0.9,0.7,0.8,1.1,0.8,0.8,1.3,1.3,1.1,0.8,1.9
SKH,23.0,18.6,21.0,24.9,24.0,22.8,21.7,23.0,19.0,21.2,19.8
SKN,,,,9.1,7.5,8.4,7.8,6.5,6.4,6.2,5.5
SKV,23.0,19.0,23.3,22.3,24.0,24.6,24.3,25.4,23.7,22.7,22.5
SNC,,10.0,13.2,14.3,15.0,9.1,17.7,22.8,14.5,15.0,16.0
SNZ,15.7,10.7,11.9,11.5,17.0,20.6,21.6,17.9,15.3,21.4,31.5
SON,8.2,8.0,8.0,8.0,10.1,10.1,10.1,10.1,10.1,10.3,10.5
SOV,,,,,,,39.9,44.0,34.0,40.0,26.1
SP2,9.0,9.0,7.8,8.6,8.5,6.3,9.7,6.1,9.5,9.0,9.1
SPA,18.5,26.0,8.4,6.9,9.5,12.6,7.2,10.0,10.0,9.2,9.2
SPB,62.0,37.2,37.2,37.2,37.2,37.2,18.7,69.0,68.6,47.3,21.0
SPC,,25.0,15.0,16.1,16.2,21.2,21.5,24.5,17.0,19.5,20.5
SPD,,6.0,5.8,3.5,4.5,6.0,6.0,6.0,5.5,5.5,7.7
SPH,,0.0,0.0,0.0,0.0,8.1,8.1,8.1,8.1,8.1,8.1
SPP,6.3,6.3,5.1,3.9,3.8,3.3,2.4,1.9,0.9,0.5,0.4
SPS,,,,,,,,,,,
SPV,8.3,8.5,8.5,7.5,8.7,8.1,9.4,9.4,10.0,10.0,11.5
SQC,84.0,82.0,82.0,82.0,82.0,82.0,82.0,82.0,82.0,82.0,82.0
SRB,,1.2,2.4,1.6,1.6,1.3,,0.9,0.7,0.8,
SRT,4.8,4.7,4.7,5.2,4.2,4.0,3.5,3.5,3.3,3.5,4.0
SSE,,,,,,,,,,,
SSF,,3.9,3.4,2.9,2.9,2.9,2.9,4.0,4.0,4.0,2.7
SSG,1.6,1.6,1.6,1.6,1.6,4.4,4.9,3.0,1.7,1.8,2.2
SSN,,15.9,15.0,9.5,3.5,2.3,4.8,3.7,2.5,3.8,5.1
SST,,,,,,,,,,,
SSU,7.0,7.0,7.0,7.0,7.0,4.2,4.2,4.2,4.2,4.2,4.2
STD,,,,,,,,,,,
STH,,,,,,,,,23.1,22.1,15.0
STL,0.7,1.3,0.8,1.1,3.3,2.8,3.5,3.1,3.5,4.6,2.6
STN,,,,,,,,,,,
STS,,0.0,8.5,10.0,14.0,14.0,14.0,14.0,14.0,26.5,26.5
STT,9.6,5.19,8.5,9.5,6.5,8.5,7.3,9.1,9.1,9.1,2.2
STU,,0.0,10.7,10.7,14.9,6.7,6.7,6.7,8.2,8.2,8.2
STV,,12.0,15.0,11.8,13.0,12.8,10.9,10.0,12.7,17.9,19.0
STW,,,11.5,6.9,6.9,6.9,6.9,6.9,3.4,3.3,2.5
SUM,0.0,0.0,0.0,0.0,0.0,5.2,5.0,3.0,2.7,2.6,2.6
SVG,9.0,9.0,9.0,17.3,17.3,17.3,17.3,17.3,17.3,10.4,6.5
SVH,12.8,10.0,13.3,13.3,10.0,10.0,10.0,6.0,6.0,6.0,6.0
SVL,0.0,0.0,0.0,0.0,0.0,0.0,0.0,0.0,0.0,0.0,0.0
SWC,,12.3,13.0,16.0,13.0,12.3,13.5,13.4,13.0,14.0,14.9
SZE,7.8,7.5,6.8,8.1,8.0,9.5,11.9,10.1,9.0,9.9,10.7
T12,0.0,0.0,0.0,0.0,0.0,0.0,0.0,20.0,20.0,20.0,32.2
TA3,0.0,10.0,10.0,10.0,10.0,10.0,8.0,8.0,8.0,8.0,8.0
TA6,7.8,5.4,6.0,4.5,6.0,7.0,5.3,6.0,4.9,7.5,8.9
TAG,34.9,34.9,,34.9,29.7,31.0,31.0,33.0,31.0,27.0,27.0
TAN,,,,,,0.0,0.0,0.0,0.0,0.0,52.1
TAP,9.8,9.8,9.8,9.7,9.7,10.1,8.2,13.1,12.0,12.0,12.0
TAW,39.2,39.2,16.2,22.7,13.7,8.0,17.0,23.8,11.5,33.0,44.8
TB8,10.0,10.0,10.0,10.0,10.0,10.0,10.0,10.0,10.0,10.0,10.0
TBD,,80.4,76.0,83.0,121.0,111.0,105.0,112.0,124.5,90.0,105.0
TBR,,,,,,,,,,,
TBT,,2.3,2.2,2.5,2.8,6.2,6.2,6.2,6.2,6.2,6.2
TCJ,0.0,0.0,0.0,0.0,0.0,3.9,3.9,3.9,4.0,4.0,4.0
TCK,0.0,2.8,4.6,4.6,4.6,4.6,4.6,4.6,4.6,2.8,2.8
TCP,,,,,,,,,,,
TCW,19.4,16.8,16.5,18.1,19.9,19.1,23.1,22.7,15.3,18.8,21.2
TDB,41.5,38.0,37.0,37.0,38.1,38.0,36.4,35.5,47.1,36.5,35.1
TDF,,,,,,,,,,13.0,12.0
TDS,,12.8,13.3,12.4,13.9,11.6,11.0,10.7,9.9,11.4,12.0
TEC,0.0,0.0,0.0,0.0,0.0,0.0,0.0,0.0,0.0,0.0,0.0
TEL,10.6,9.0,7.0,8.1,6.7,7.5,6.3,6.9,6.6,7.5,12.0
TGP,,7.4,6.0,5.8,5.2,4.6,4.1,5.8,8.2,8.2,5.0
TH1,5.5,5.5,5.5,5.0,5.0,5.0,5.0,5.0,5.0,5.7,10.6
THN,0.0,0.0,0.0,0.0,0.0,6.0,6.0,6.0,6.0,6.0,6.0
THO,,,,,,,,,,,
THP,,,,,,,,23.0,14.5,10.5,9.5
THR,6.4,6.4,7.5,7.5,7.5,5.6,5.7,15.4,32.6,60.2,115.7
THU,0.0,0.0,0.0,0.0,0.0,0.0,0.0,0.0,0.0,8.7,8.8
THW,19.5,22.0,14.8,10.2,11.9,14.8,16.0,21.0,21.0,21.0,21.0
TID,,,,27.8,18.0,22.5,18.6,23.9,12.4,17.0,16.8
TIE,12.2,6.59,9.65,7.7,8.84,9.5,8.5,7.0,8.0,7.2,5.4
TIS,,12.3,13.3,10.0,10.2,10.1,10.2,11.8,10.9,11.4,8.6
TKA,,,,,,,,,,0.0,0.0
TL4,,7.3,7.2,7.6,8.0,8.0,8.2,7.8,7.4,7.3,8.9
TLI,,,,,33.6,10.8,7.1,8.0,8.0,7.2,10.0
TLP,15.7,13.0,9.0,10.8,11.0,10.0,10.7,10.0,8.6,9.3,8.5
TLT,,11.0,10.3,10.0,13.4,14.8,10.7,19.4,13.2,10.5,9.0
TMG,45.5,40.5,50.0,39.3,42.6,32.3,34.7,29.5,29.0,32.0,30.0
TMW,,12.0,13.0,15.0,17.0,10.2,14.2,14.2,14.2,13.0,13.5
TNB,,6.8,5.8,5.6,6.4,6.0,7.0,11.0,12.0,13.9,15.0
TNM,,5.4,4.0,4.6,4.1,4.1,4.1,4.1,4.1,2.8,2.8
TNP,9.0,9.0,9.0,9.0,10.0,10.0,10.0,10.0,10.0,9.2,10.0
TNS,3.3,2.8,2.4,2.0,2.0,2.1,2.3,3.5,3.6,1.9,2.8
TNW,9.5,10.0,10.0,10.0,8.1,6.4,9.0,9.2,9.4,4.9,14.9
TOP,1.2,1.1,1.7,0.8,1.2,0.7,0.8,0.8,0.5,0.3,0.5
TOT,5.0,8.3,5.2,6.0,7.9,4.4,6.5,8.2,4.7,9.8,6.1
TOW,,,,,0.0,12.0,13.0,12.7,12.7,13.5,17.0
TPS,21.0,20.4,35.0,32.0,61.9,39.0,42.5,33.1,34.6,40.0,31.0
TQN,36.0,25.0,29.0,35.0,30.0,30.0,55.8,40.9,40.9,40.9,38.0
TQW,,,,,,0.0,0.0,0.0,0.0,0.0,0.0
TR1,,,,,,,,,,,19.0
TRS,59.0,68.9,48.5,52.0,55.7,40.4,35.0,35.0,35.0,43.9,32.9
TRT,9.0,9.0,9.0,5.4,5.4,5.4,3.3,8.2,7.0,10.0,10.0
TS3,0.0,0.0,0.0,0.0,0.0,0.0,0.0,0.0,0.0,0.0,0.0
TS5,0.0,0.0,0.0,0.0,0.0,0.0,0.0,0.0,0.0,0.0,0.0
TSD,0.0,0.0,0.0,0.0,0.0,0.0,10.0,10.0,10.0,4.3,4.0
TSG,0.0,10.5,8.0,11.9,9.5,9.7,9.2,9.5,5.7,7.2,10.1
TSJ,18.5,25.0,15.0,18.6,22.3,31.0,30.0,29.5,33.8,22.5,31.0
TTD,62.1,56.0,57.0,56.0,59.0,57.0,49.0,51.7,50.0,47.1,53.1
TTG,,7.6,8.8,8.7,3.6,7.0,8.6,10.2,6.7,2.9,3.8
TTJ,32.2,38.0,28.0,21.0,31.0,77.0,77.0,80.0,80.0,45.0,45.0
TTN,6.8,6.0,6.8,6.3,6.3,13.1,10.3,7.7,7.2,7.7,7.9
TTP,30.0,34.4,18.2,24.0,21.9,22.4,20.7,28.0,25.9,33.0,44.8
TTS,6.0,6.0,6.0,6.0,6.0,6.0,6.0,6.0,6.0,6.0,6.0
TTU,,,,,,,,,,,
TTV,0.0,0.0,10.0,10.0,10.0,7.9,4.3,2.6,1.6,1.6,2.2
TUG,5.6,4.2,6.3,8.0,7.3,7.6,8.0,9.0,8.6,10.7,11.8
TV1,17.75,15.7,15.6,15.0,12.9,12.6,10.2,11.0,12.0,10.2,9.9
TVA,17.3,16.0,13.9,15.0,22.0,24.0,19.0,21.7,21.0,19.4,20.6
TVG,,0.0,0.0,1.6,0.8,0.8,0.8,0.8,1.1,1.7,1.7
TVH,,,,,13.9,19.4,16.6,18.0,19.4,27.0,27.0
TVM,5.0,3.8,3.3,2.0,6.2,8.0,9.2,9.2,9.2,9.2,10.2
TVN,10.3,9.3,9.7,9.0,9.7,8.3,7.2,6.5,6.2,6.2,6.7
TVP,52.0,28.0,22.5,18.5,20.3,24.4,27.8,27.2,37.4,26.4,28.7
TVU,7.0,7.0,9.7,10.5,13.2,12.0,9.9,12.0,12.0,12.5,12.7
TVW,18.5,18.5,18.5,18.5,25.6,13.1,13.2,10.0,10.0,8.0,4.8
TW3,16.2,11.0,11.5,12.0,8.0,16.5,11.5,11.5,9.0,10.0,11.0
UCT,0.0,0.0,0.0,0.0,0.0,0.0,0.0,0.0,6.0,6.0,6.0
UDJ,,6.7,8.0,8.9,8.6,7.3,7.7,7.6,7.4,8.4,9.0
UDL,,,,,,,,,0.0,0.0,9.0
UEM,46.5,36.0,36.0,36.0,36.0,36.0,36.0,36.0,36.0,36.0,36.0
UMC,0.0,0.0,0.0,0.0,0.0,0.0,0.0,0.0,0.0,0.0,12.0
UPC,14.0,11.5,13.2,11.2,11.9,11.2,13.0,10.5,8.6,9.8,18.4
UPH,25.0,25.0,25.0,20.0,20.0,20.0,20.0,23.0,17.5,17.5,14.9
USC,7.8,8.7,9.5,10.0,10.0,5.7,5.7,5.7,5.7,5.7,5.7
USD,,,,,0.0,0.0,0.0,0.0,17.0,10.0,10.5
UTT,,,,,,,,,,,
V11,,0.4,0.4,0.3,0.3,0.2,0.3,0.1,0.3,0.3,0.3
V15,0.3,0.3,0.3,0.4,0.3,0.4,0.3,0.3,0.3,0.3,0.3
V45,,,,,,,,,,,
VAV,90.8,71.0,52.0,50.8,44.0,39.1,43.2,41.5,44.1,52.2,47.0
VBG,0.0,0.0,0.0,7.0,7.0,7.0,7.0,7.0,7.0,7.0,9.0
VBH,24.9,8.3,18.5,19.2,30.8,43.1,26.0,26.0,31.0,35.6,45.1
VC5,1.2,1.1,,,,,0.6,0.6,0.9,0.9,0.9
VCA,,13.4,13.7,12.2,12.5,11.6,10.6,11.2,9.8,9.8,10.0
VCE,8.0,8.0,8.0,8.0,8.0,8.0,8.0,8.0,8.0,8.0,8.0
VCP,31.0,29.0,33.0,33.1,37.0,37.0,38.0,50.0,50.0,54.5,53.5
VCR,3.2,3.5,3.0,4.3,14.0,30.2,20.0,11.8,7.1,9.7,21.9
VCT,,9.0,5.0,5.0,5.0,5.0,5.0,5.0,5.0,5.0,3.0
VCW,40.0,29.9,32.3,31.5,34.4,30.5,35.0,30.9,27.0,38.0,32.1
VCX,,1.7,1.7,1.7,1.6,1.6,2.4,2.0,2.9,4.4,5.9
VDB,,,,0.0,0.0,0.0,0.0,0.0,0.0,0.0,0.0
VDM,,23.0,17.0,15.0,17.0,14.5,14.5,14.5,14.5,14.5,10.8
VDN,,11.5,9.1,9.1,16.2,17.8,15.0,15.7,15.6,12.1,14.7
VDT,,13.5,13.0,19.3,11.9,11.9,17.8,24.6,17.4,25.2,19.0
VE9,5.6,4.0,3.9,2.8,3.0,2.1,1.4,1.5,1.4,1.2,1.2
VEA,,26.0,33.0,39.0,51.3,58.4,54.9,45.0,28.0,42.1,43.2
VEC,6.5,5.0,4.8,5.0,5.6,11.1,14.6,10.6,6.5,7.1,8.3
VEF,52.9,49.5,62.5,71.4,128.0,112.0,118.9,111.0,52.0,115.0,100.5
VES,,1.2,,0.9,0.9,0.9,0.9,0.6,0.6,0.6,0.8
VET,45.9,56.5,64.0,103.0,89.9,68.0,64.0,57.5,60.0,56.5,57.0
VFC,,9.0,14.0,20.9,20.5,24.4,10.1,11.9,11.0,11.5,12.6
VFR,5.0,5.7,6.0,4.5,4.8,3.8,4.1,4.1,3.6,3.4,3.0
VGG,56.7,49.2,58.0,50.6,69.5,64.4,53.8,51.8,40.0,38.0,39.5
VGI,,,26.8,13.4,24.9,26.9,33.1,25.0,19.4,27.0,27.8
VGL,6.0,12.5,27.2,12.8,12.6,20.0,27.5,27.5,27.5,27.5,27.5
VGR,,18.1,20.0,19.5,22.5,19.0,20.3,18.2,14.0,16.7,26.0
VGT,15.3,10.8,12.7,10.6,12.5,11.1,9.1,8.4,5.9,7.8,8.0
VGV,10.1,8.5,10.5,10.2,10.5,10.4,9.9,9.1,12.0,10.2,10.0
VHD,10.2,8.0,8.8,9.5,8.3,6.7,6.0,6.1,4.6,4.3,5.5
VHF,,22.1,22.4,22.4,22.4,22.4,22.4,22.3,13.4,13.4,21.5
VHG,1.28,1.23,1.05,0.9,0.8,1.1,0.7,0.5,0.6,0.9,0.7
VHH,4.4,5.4,5.4,5.4,6.5,6.5,6.5,5.0,5.0,5.0,5.0
VHI,,,,,,,,,0.0,0.0,0.0
VIH,20.5,28.5,11.6,10.5,12.6,10.9,11.0,11.1,21.7,15.0,9.9
VIM,12.5,16.5,4.7,5.0,7.3,19.4,19.8,20.8,15.8,17.1,21.3
VIN,,12.6,12.4,11.0,14.3,12.2,10.7,10.9,7.1,14.3,12.8
VIR,,10.0,8.5,9.7,9.7,9.7,9.7,9.7,11.0,11.0,11.0
VIW,5.0,6.5,9.5,9.5,9.2,6.2,8.8,17.2,15.5,9.2,6.7
VKD,,23.8,16.0,15.2,24.0,24.5,18.5,16.6,16.9,45.6,37.2
VKP,,0.0,0.0,0.0,0.0,0.0,0.0,0.0,0.0,0.0,0.0
VLB,29.8,28.4,36.8,28.3,28.2,31.5,31.0,31.9,38.0,34.9,33.9
VLC,18.0,19.7,19.0,17.5,18.0,19.3,17.9,17.0,17.0,30.5,27.6
VLF,0.5,0.4,0.9,0.9,,0.6,0.7,0.7,0.7,,0.9
VLG,5.8,5.9,6.0,5.2,5.4,5.2,5.1,4.9,4.5,3.9,3.6
VLP,10.8,5.4,2.4,2.4,2.4,2.4,2.2,2.2,2.2,2.2,2.2
VLW,10.0,13.8,10.0,10.1,11.5,13.3,7.7,9.2,12.8,15.5,15.0
VMA,12.3,12.1,8.0,8.0,10.0,10.0,10.0,10.0,10.0,10.0,10.0
VMG,2.4,3.2,2.0,2.4,3.1,2.1,2.4,2.7,2.8,3.0,2.9
VNA,1.3,1.3,1.2,1.1,1.2,3.0,4.5,3.1,1.9,2.3,3.2
VNB,18.7,18.9,19.5,17.3,16.8,17.1,18.0,17.0,11.0,15.9,14.7
VNH,,,0.9,0.9,0.8,0.8,0.5,0.5,1.2,,
VNI,7.1,8.6,10.8,11.8,9.0,9.0,10.8,11.5,11.5,11.0,10.8
VNP,6.2,5.1,5.4,5.3,4.8,5.9,4.8,4.8,3.7,4.6,6.1
VNX,,0.0,0.9,1.2,3.3,51.0,52.2,60.0,61.9,60.3,59.5
VNY,,,3.9,5.7,5.1,5.1,5.1,6.5,4.8,4.8,7.0
VOC,17.3,16.1,17.5,16.4,14.2,15.1,12.2,10.5,10.6,14.5,21.2
VPA,5.7,5.7,6.0,7.4,2.4,2.0,2.3,2.3,2.3,3.1,2.3
VPC,0.9,0.7,0.9,0.7,0.8,,0.7,0.7,0.7,0.5,0.9
VPR,24.9,20.4,8.5,15.9,15.5,13.0,13.0,13.0,13.0,13.0,11.0
VPW,0.0,0.0,0.0,0.0,0.0,0.0,0.0,0.0,0.0,0.0,0.0
VQC,,11.1,10.4,8.4,12.9,11.5,15.0,12.8,11.2,16.5,16.0
VRG,,4.7,3.4,5.2,6.3,13.6,10.8,8.8,8.4,15.2,18.3
VSE,,,,15.3,6.8,8.2,7.7,6.0,6.5,5.9,7.0
VSF,,10.5,8.1,8.8,9.8,9.0,7.0,6.5,6.0,6.1,9.1
VSG,1.2,1.6,1.7,1.8,1.4,1.8,1.6,1.4,1.4,1.6,1.7
VSN,48.9,43.0,41.5,41.0,39.0,37.6,35.9,34.3,24.3,28.2,27.2
VSP,,0.0,0.0,0.0,0.0,0.0,0.0,0.0,0.0,0.0,0.0
VST,0.8,0.6,0.6,0.7,0.7,0.7,0.5,0.7,0.5,0.4,0.4
VT1,,9.0,8.5,10.0,31.0,25.0,22.0,20.8,29.0,,
VTA,,7.8,5.9,6.4,5.7,8.0,5.4,5.6,4.9,5.1,5.2
VTD,,,,,,,,30.0,32.7,20.1,12.4
VTE,,2.7,5.1,5.9,4.5,6.5,4.3,4.1,11.0,10.2,4.5
VTG,8.5,13.0,6.8,7.8,8.0,5.8,5.8,5.8,8.2,8.2,8.5
VTI,,2.8,3.6,6.9,4.6,4.0,4.0,4.0,4.0,2.4,2.4
VTK,,,,20.5,28.8,27.5,31.6,25.0,18.0,23.4,26.6
VTM,0.0,0.0,0.0,0.0,0.0,0.0,0.0,0.0,0.0,0.0,0.0
VTP,,,,130.3,196.5,137.5,131.0,116.0,105.0,134.8,111.5
VTR,,,,,,,64.4,52.0,38.0,37.5,36.4
VTX,,10.4,11.2,10.9,23.3,22.9,26.0,6.2,20.3,18.5,14.8
VVN,5.3,3.9,7.3,7.3,7.3,4.0,3.4,2.2,1.9,3.1,3.0
VW1,,,,,,,,,,,
VW3,,,,,,,,,,10.0,7.9
VWS,15.6,17.4,18.2,16.5,19.2,14.8,13.7,14.0,14.4,12.7,16.7
VXP,,,,,,,0.0,21.9,21.9,21.9,20.7
VXT,,,,,,,,,,28.1,13.0
WSB,,54.0,49.4,48.8,47.1,43.5,46.0,48.7,38.0,36.9,42.0
WTC,,0.0,0.0,3.4,6.3,5.1,3.9,4.0,4.0,16.0,19.3
X26,,,22.9,20.2,17.0,15.9,17.5,20.7,20.7,19.8,16.3
X77,0.3,0.3,0.3,0.3,0.3,0.3,0.3,0.3,0.3,0.3,0.3
XDH,,,,0.0,18.1,18.1,18.1,18.1,9.8,9.8,9.8
XHC,22.5,19.0,18.0,15.4,15.0,21.3,21.0,20.0,24.5,23.0,24.5
XLV,,12.0,12.0,12.0,12.0,12.0,12.0,12.0,12.0,9.0,10.5
XMC,,,,,,12.0,10.1,9.0,6.5,8.7,9.3
XMD,4.1,4.1,4.1,4.1,4.1,4.1,4.1,4.1,4.1,4.1,4.1
XPH,,6.3,5.9,5.1,5.8,6.5,5.2,5.0,3.8,5.0,5.8
XVC,,,,,,,,,,,
YBC,19.5,19.5,5.2,21.3,29.8,41.7,45.0,40.0,40.0,10.0,21.6
YRC,8.6,8.6,8.6,8.6,8.6,8.6,8.6,8.6,8.6,8.6,8.6
YTC,67.0,43.0,58.6,97.0,79.5,79.9,83.0,77.0,79.9,87.0,83.9
ABI,,24.0,25.0,25.0,23.8,25.6,29.9,30.3,23.5,28.3,34.1
AIC,,,,,,,,,,,
BIC,35.0,27.95,27.3,26.0,24.3,19.35,24.0,25.3,25.0,19.9,19.0
BLI,6.8,6.6,6.6,7.3,6.0,6.0,7.1,7.9,6.4,6.8,7.2
BMI,31.0,21.2,23.5,20.7,23.0,24.7,25.2,24.8,15.2,21.4,28.7
BVH,97.1,77.0,97.0,89.0,95.0,81.1,74.8,69.4,37.0,45.5,48.7
MIG,13.5,13.0,12.7,13.0,13.7,12.6,11.8,11.0,9.0,9.8,10.2
PGI,19.0,19.0,17.9,18.1,16.5,17.0,16.8,19.5,14.55,17.3,18.7
PRE,,,,,,,,,,,
PTI,23.6,24.2,18.0,21.5,21.0,16.0,14.6,18.7,20.5,20.5,20.5
PVI,40.3,29.0,33.5,32.4,38.3,37.0,33.5,30.1,27.2,29.9,29.9
VNR,24.0,23.2,22.9,23.8,21.1,20.2,20.0,20.3,20.0,18.6,19.4
AAS,,,,,,,,,,,7.2
AGR,5.21,3.4,4.0,3.42,4.02,4.0,4.55,3.36,2.2,3.48,5.11
APG,5.52,5.63,6.99,7.87,8.8,9.99,8.82,9.5,8.03,8.34,10.15
APS,3.0,3.1,3.1,3.1,3.1,2.7,2.2,1.9,1.9,2.5,2.6
ART,8.9,7.8,10.1,2.5,2.6,2.5,1.9,2.4,1.9,2.6,2.4
BMS,,,6.8,7.1,4.9,4.7,4.5,4.1,3.0,3.3,5.9
BSI,14.5,12.2,13.8,10.25,10.0,8.36,7.05,7.97,8.0,8.0,8.73
BVS,19.9,16.5,15.6,12.7,12.8,11.3,10.9,10.0,7.9,9.7,12.2
CSI,,,,,24.0,23.0,18.0,12.0,12.4,13.0,14.0
CTS,14.4,10.1,12.3,9.89,9.55,9.24,8.55,7.3,5.3,7.3,7.48
DSC,82.0,69.0,26.9,12.1,14.8,9.0,6.4,4.7,4.4,5.2,7.2
EVS,,,12.6,10.0,10.0,9.9,10.0,9.0,9.0,7.2,6.5
FTS,15.4,13.2,16.7,17.7,16.8,12.8,12.5,11.6,10.1,15.0,13.45
HAC,3.4,3.0,3.5,5.1,4.2,4.2,4.7,5.1,4.5,4.9,4.6
HBS,2.5,2.2,2.6,2.2,2.7,4.4,1.9,1.9,1.9,2.1,2.2
HCM,85.4,53.1,69.5,46.85,28.0,23.8,24.3,20.95,11.15,18.35,21.0
HFT,23.4,32.7,38.4,12.1,10.0,14.0,14.0,16.1,16.1,11.0,
IVS,9.4,13.5,13.3,12.5,10.1,9.2,10.7,10.8,7.5,6.8,6.2
MBS,19.2,15.0,18.3,13.8,16.0,14.8,15.2,14.9,8.4,9.5,10.3
ORS,2.9,2.6,3.4,3.1,5.0,6.8,5.9,6.1,4.0,7.2,7.1
PHS,,,,,,,11.3,10.0,6.9,9.8,10.0
PSI,4.1,3.5,3.2,3.3,2.9,3.0,2.8,2.0,2.0,2.2,3.6
SBS,,1.8,2.2,1.7,1.7,1.5,1.3,1.1,0.9,1.2,1.3
SHS,23.9,12.9,16.5,12.8,11.3,9.9,8.4,7.7,5.7,11.8,12.0
SSI,40.8,27.5,33.2,26.65,27.7,25.0,23.0,18.15,11.6,14.8,16.95
TCI,,,6.8,8.1,6.8,6.0,7.5,8.0,4.8,4.0,8.5
TVB,26.4,23.5,28.4,24.2,19.0,17.9,16.3,14.25,16.65,8.4,8.2
TVS,13.0,14.5,13.75,13.4,14.55,12.2,11.4,13.95,11.25,10.5,10.8
VCI,115.5,76.8,64.2,46.55,38.0,30.45,34.25,29.5,14.2,20.5,28.8
VDS,14.1,8.2,10.45,8.37,7.5,7.7,8.4,7.3,6.25,5.99,6.71
VFS,,,,,,,,,,,6.5
VIG,3.0,1.6,1.8,1.3,1.4,1.3,1.2,1.1,0.5,0.8,1.1
VIX,8.5,5.9,8.3,9.3,9.0,7.0,6.1,5.6,5.0,7.0,11.9
VND,29.55,16.5,22.55,16.4,16.75,15.45,14.45,14.35,11.35,13.15,13.5
WSS,3.7,2.8,3.1,3.0,3.2,2.9,1.9,1.8,1.6,2.1,2.2
