year,quarter,ticker,(-)combined_ratio,(-)debt/asset,(-)debt/equity,(-)expense_ratio,(-)loss_ratio,(-)lt_debt/asset,(-)lt_debt/equity,(-)st_debt/asset,(-)st_debt/equity,acid_test,asset_turnover,cash_ratio,cur_ratio,curasset_turnover,equity_turnover,gross_margin,invst_yield,lib/equity,lib_ratio,liq/reserve,ln_asset,ln_equity,ln_revenue,net_margin,oper_leverage,roa,roca,roe,rotc
2018,1,ABI,-0.8038644008912761,-1.0565594942331416e-09,-2.8565544267921528e-09,-0.4778944083735666,-0.32596999251770953,-5.282797471165708e-10,-1.4282772133960764e-09,-5.282797471165708e-10,-1.4282772133960764e-09,1.4471302338557317,0.14975209339545373,0.3123688714566307,1.4496775921858254,0.16393538195084176,0.4048754543828669,0.43251983459636145,0.020071273424296713,1.7036380273743699,0.6301280016500037,1.4221594270964668,28.269150427427235,27.274552143823303,26.370376364611417,0.1494770723052262,0.40124020521749104,0.02238450449233122,0.024504580941250846,0.060519597569399106,0.07566556343669371
2018,1,AIC,-0.6025364549004056,-1.2020424980147404e-09,-2.437720853627116e-09,-0.2123930881046443,-0.39014336679576134,-6.010212490073702e-10,-1.218860426813558e-09,-6.010212490073702e-10,-1.218860426813558e-09,1.275447427593013,0.07887637688795203,0.09810766473346888,1.2754474287788584,0.12201763451935381,0.1599598925294858,-0.0027844294624834193,0.01420037878838487,1.0279664202538241,0.5068912307324377,0.8127398314818639,28.140146104915015,27.433104770086906,25.600272603224482,-0.04403775741596722,0.14357498552709913,-0.003473538751242035,-0.005373382989433451,-0.0070442749434976824,-0.007044276145186131
2018,1,BIC,-0.7886789524742778,-3.984902869692436e-10,-9.290790577791995e-10,-0.36221448526657335,-0.4264644672077044,-1.992451434846218e-10,-4.6453952888959973e-10,-1.992451434846218e-10,-4.6453952888959973e-10,1.2724031126420536,0.06942640906609703,0.039395675478308675,1.2725716291999605,0.09558483954913294,0.16186749044927448,0.21500033126179655,0.024833378488663377,1.3314973743661358,0.5710910889308336,0.8617037370450332,29.244240451516724,28.397729740407613,26.57675250175623,0.1524277813985757,0.1342429141564954,0.010582513504415131,0.01456978502781317,0.024673102449738055,0.031292811745872076
2018,1,BLI,-0.7235635609811109,-1.1711128836447376e-09,-3.004643317327262e-09,-0.2750361869806043,-0.4485273740005066,-5.855564418223688e-10,-1.502321658663631e-09,-5.855564418223688e-10,-1.502321658663631e-09,1.2739086685832839,0.1192033338344471,0.07108978599213057,1.2743786388885847,0.1539636975167374,0.3058317480840324,0.1889341171344882,0.021707100888255115,1.5656308279832174,0.6102323104738819,0.9925290787331474,28.166213817164003,27.224009431943216,26.0392892608318,0.09705941186496556,0.2909933711825495,0.011569805474314585,0.01494362592952999,0.02968384959867049,0.03710481038377857
2018,1,BMI,-0.5765393644543353,-3.5133500430634824e-10,-9.101620395155173e-10,-0.21467518589747117,-0.3618641785568641,-1.7566750215317412e-10,-4.5508101975775865e-10,-1.7566750215317412e-10,-4.5508101975775865e-10,1.4095286152254711,0.14079970667873434,0.0936045864234973,1.410887180042171,0.16254369969695137,0.3647531462084603,0.0794087051073239,0.019627012111409676,1.5905817193264837,0.6139863133674909,1.091826944274619,29.37018337895857,28.41830092640983,27.409766460450577,0.08470182104649052,0.3466284710145187,0.011925991558500512,0.013767747363965669,0.03089525571629339,0.03826823741729174
2018,1,BVH,-1.2347807657772292,-5.341484084734444e-05,-0.00035586271304862197,-0.26450974241940206,-0.9702710233578271,-3.566534213217031e-05,-0.00023761121837345028,-1.7749498715174123e-05,-0.00011825149467517168,2.1557202632751964,0.06482458908356313,0.44031088636702315,2.1617641759986252,0.11677856818751588,0.43187724193482707,-0.17695907396989055,0.03218940666835944,5.66224418913183,0.8499004282023604,45847625597.781,32.229464384549,30.333007991421656,29.493394098114006,0.06907075703422887,0.4215935413829259,0.0044774834424345135,0.008065984110085037,0.029830088046293318,0.02192896170456052
2018,1,MIG,-0.751323342708679,-0.07109302439132324,-0.25115085517759816,-0.30245683203896734,-0.44886651066971167,-0.001254891133250947,-0.004433163224790674,-0.0698381332580723,-0.2467176919528075,1.037291483916495,0.11516704348782607,0.0077670909737707254,1.0426203400171472,0.15673635732741367,0.4068514697170952,0.17111789879492073,0.018371909002620982,2.5327074256282534,0.7169309881861612,0.8240697293897682,28.790266654640966,27.52820210157297,26.62889500215685,0.03273420705824908,0.3737341613706335,0.0037699018478168753,0.005130640374311274,0.01331796025167235,0.013344115146021174
2018,1,PGI,-0.7121050913361354,-3.9994237329560887e-10,-1.4322298255064536e-09,-0.2405500777697235,-0.47155501356641194,-1.9997118664780444e-10,-7.161149127532268e-10,-1.9997118664780444e-10,-7.161149127532268e-10,1.183826599179908,0.11098257635969791,0.03512009143118928,1.185615128671909,0.13053850850734686,0.39743864763341896,0.21235026772802318,0.004647814978703631,2.581090479872338,0.7207554498774773,0.8744726238536163,29.240603105502238,27.964935748155508,27.04222104577895,0.0630557753781556,0.3503404344464575,0.006998092405826112,0.008231206870638715,0.025060802091770796,0.03120109589455906
2018,1,PTI,-0.7045556862243718,-0.04076259554807993,-0.12120487284990579,-0.3546232896729682,-0.3499323965514036,-0.000744468885775707,-0.0022136288287806526,-0.04001812666230422,-0.11899124402112514,1.2373944742577299,0.12030914554975913,0.030433099805492896,1.2401155034208204,0.14640050141907104,0.35773126055821625,0.2673433021332104,0.010915250008449317,1.9734336398412935,0.6636884756394379,1.0311612963223002,29.379631103171963,28.289913710444548,27.261940467138384,0.04568435819901552,0.2921270207077028,0.00549624609991269,0.006688212947344321,0.016342723046326904,0.017239574973647035
2018,1,PVI,-0.5563293154959417,-1.0012716633827788e-10,-2.754304015235515e-10,-0.14979900869205076,-0.4065303068038909,-5.006358316913894e-11,-1.3771520076177574e-10,-5.006358316913894e-11,-1.3771520076177574e-10,1.235303141239245,0.05605192889349897,0.07197934332810213,1.2362488006176868,0.07164768216803559,0.15418797760787112,0.14969677709104168,0.0166239801111237,1.7508059160789058,0.63647017255749,1.0482573421318029,30.62548253397881,29.613588604841812,27.74400581772286,0.15343869993659368,0.1316444310480787,0.008600535098356872,0.010993527205333647,0.023658402830004362,0.02825114656587935
2018,1,VNR,-0.5923015897834487,-3.110638353470797e-10,-7.184842722801688e-10,-0.3834130323899784,-0.20888855739347031,-1.5553191767353985e-10,-3.592421361400844e-10,-1.5553191767353985e-10,-3.592421361400844e-10,1.4270762045357408,0.04313444557578843,0.019323269705933305,1.4270924143267787,0.05337298396899747,0.09963042056994251,0.14111046779288355,0.0142247146423219,1.30976471912428,0.5670554703168476,0.9179164694494895,29.49192542600327,28.65477975984991,26.34849202623393,0.23970466040844288,0.051468455913132774,0.010339527628650827,0.012793752997273805,0.023881876129068412,0.027743626581578
2018,2,ABI,-0.7641944337547718,-1.0253277643749413e-09,-2.971706632138324e-09,-0.5249651146522177,-0.2392293191025541,-5.126638821874706e-10,-1.485853316069162e-09,-5.126638821874706e-10,-1.485853316069162e-09,1.3607625846242486,0.1657032202185164,0.23686968186417515,1.3630217417331636,0.18561228527216322,0.4802575094513622,0.4875765498724707,0.018957133399262444,1.898299193087716,0.6549700588590215,1.4261150809828769,28.299155964891796,27.23503188509122,26.501599044181802,0.1663267059164382,0.4732744929789281,0.02756087077869197,0.030872279986941125,0.07987964953867775,0.09986821400794539
2018,2,AIC,-0.6438523825266614,-1.1241633984809674e-09,-2.5717684486049814e-09,-0.21253763086944072,-0.4313147516572207,-5.620816992404837e-10,-1.2858842243024907e-09,-5.620816992404837e-10,-1.2858842243024907e-09,1.168645783466594,0.08730877021346724,0.10527268155338493,1.1686457844653342,0.13274802456784768,0.19973781464945903,-0.06350610967424308,0.005551843529294412,1.287717650370132,0.5628831207215589,0.5207389848457263,28.207129183268496,27.37957452192442,25.76882482272145,-0.17723899670834714,0.18036604997664013,-0.015474518836474558,-0.023528126689420344,-0.03540132987318792,-0.03540133106802812
2018,2,BIC,-0.70830326677386,-3.884545925132849e-10,-9.56410021790159e-10,-0.35760087214103325,-0.3507023946328268,-1.9422729625664245e-10,-4.782050108950795e-10,-1.9422729625664245e-10,-4.782050108950795e-10,1.5070431996979563,0.07059161878975241,0.03930834173621067,1.5072442567231412,0.07888709441960562,0.17380289219415201,0.2674390850238546,0.01631722339585764,1.4620896244326174,0.5938409430442859,1.3249964691789526,29.269747291481494,28.36873686128164,26.618903435925315,0.13099647841694056,0.1567147644043265,0.009247253467208697,0.01033393156151302,0.02276756681611308,0.0280344539885901
2018,2,BLI,-0.7244967257903632,-1.1751927735377176e-09,-2.987926819666495e-09,-0.3443930041305067,-0.3801037216598564,-5.875963867688588e-10,-1.4939634098332476e-09,-5.875963867688588e-10,-1.4939634098332476e-09,1.3617011561085035,0.12114906234273341,0.3011497251895514,1.362175637785396,0.14700017781978672,0.30802140780836207,0.23622172267461905,0.0067977594819238155,1.5424993132589222,0.6066862261141691,1.198445278987628,28.162736099763872,27.229588520927983,26.052002528375304,0.018062234101612427,0.28674850475305413,0.002188222725225289,0.002655151624759642,0.005563554776142865,0.006954441956556281
2018,2,BMI,-0.5995010059274705,-3.569718347413563e-10,-9.000183073687822e-10,-0.1882890985935667,-0.4112119073339038,-1.7848591737067815e-10,-4.500091536843911e-10,-1.7848591737067815e-10,-4.500091536843911e-10,1.4233273571850096,0.14749907097194898,0.09143280218218684,1.4247153949644575,0.1715926775670298,0.3718833007955002,0.03973131148808415,0.013049760632789686,1.5212585973929564,0.6033726960677399,1.0591127096963706,29.354266691085225,28.429508470832335,27.440333289367864,0.07399647402840953,0.3510850803139699,0.010914411174390355,0.012697253109053973,0.027518053008913437,0.03422763559209649
2018,2,BVH,-1.200943469924595,-0.0030306043282259474,-0.019120133138705513,-0.28836109384602354,-0.9125823760785715,-0.0030144179014963404,-0.019018012703112014,-1.618642672960667e-05,-0.00010212043559350033,2.6330575000274683,0.07194211527186259,0.2844677323995196,2.6403432199158576,0.13166931441114585,0.4538840024304084,-0.12078556353247752,0.027223620544477026,5.309016640881669,0.8414966932374024,44440408299.51,32.24199371046043,30.400013887433502,29.6101002725921,0.04634634270920066,0.442838223200353,0.0033342539296145625,0.006102391169984459,0.021035863526863374,0.01254406619269201
2018,2,MIG,-0.6475873509920522,-0.07239604396510547,-0.26320421938947575,-0.2939325625185198,-0.3536547884735324,-0.0011444136229078572,-0.004160648535178639,-0.07125163034219761,-0.2590435708542971,1.0303975206297253,0.10545742697303125,0.07468402758711039,1.0351622867329502,0.14262972483491299,0.3834027140852888,0.32165662584317967,0.01723280802557749,2.6356160499092853,0.7249434521489276,1.050973171418377,28.882423090951463,27.591644517046596,26.632975147642313,0.16717159131200615,0.34644759160656124,0.017629485882751313,0.023843638069045967,0.06409404182697984,0.06371705146810726
2018,2,PGI,-0.6978579325922671,-3.8015575484083134e-10,-1.4060321124184896e-09,-0.21026847235265822,-0.4875894602396089,-1.9007787742041567e-10,-7.030160562092448e-10,-1.9007787742041567e-10,-7.030160562092448e-10,1.184662786439151,0.11752812196591751,0.036335646220242636,1.1864398479201057,0.13692218499493364,0.4346858136226433,0.19382935166042775,0.004165057177984873,2.6985685328035762,0.7296251262804144,0.8114172353537845,29.291342525568453,27.983396663802882,27.150264887414416,0.06352076996542887,0.38254463612159234,0.007465476799865914,0.008697402616227076,0.02761157757435921,0.033471126506834724
2018,2,PTI,-0.7084614322389697,-0.04861965104494918,-0.15404527027547454,-0.2465599103111331,-0.46190152192783657,-0.0007372880022060752,-0.0023360046221989135,-0.04788236304274311,-0.15170926565327564,1.2494250123213066,0.1416582350410926,0.042017693576714935,1.2514954115530652,0.165646519837254,0.44882636207070736,0.14769349273236818,-0.00194904341260012,2.1683746584906314,0.6843807605517254,1.0707000954658197,29.389323570059723,28.236104839687663,27.434985652205672,0.0005879326590209292,0.3663279927174107,8.328550279992134e-05,9.738899886547984e-05,0.0002638796764909213,-0.0006951251335363696
2018,2,PVI,-0.5043277253484706,-9.192635815125692e-11,-2.989023278810462e-10,-0.13013366511935623,-0.3741940602291144,-4.596317907562846e-11,-1.494511639405231e-10,-4.596317907562846e-11,-1.494511639405231e-10,1.1703327966809765,0.04968904915832954,0.09779010555362262,1.1705902108114614,0.061649903628862975,0.1615659834928135,0.09853244582358067,0.011079667187170435,2.2515410584331867,0.6924535221825346,0.9103446452191734,30.710935773834297,29.53180671805099,27.708965064809963,0.06709671447271578,0.13563491174011663,0.003333971943797176,0.0041365059810562635,0.010840546662920818,0.014981830344906938
2018,2,VNR,-1.406796550994759,-2.97222292960929e-10,-7.075845838367442e-10,-0.8725590307799761,-0.534237520214783,-1.486111464804645e-10,-3.537922919183721e-10,-1.486111464804645e-10,-3.537922919183721e-10,1.3159208303641168,0.022569859975514344,0.019941797381532404,1.3159384875729643,0.029610195933805296,0.05373111424090667,0.19826265825155376,0.0193348996087435,1.3806578463135635,0.579948037661735,0.735053985653325,29.537443255477385,28.670066399973003,25.746303363296335,0.46945467980033423,0.05668165069619936,0.010595526387943465,0.013900645050929724,0.02522432303128002,0.029819558505074804
2018,3,ABI,-0.847610210312488,-9.71398467589037e-10,-2.854984239850035e-09,-0.5059356081115401,-0.3416746022009478,-4.856992337945185e-10,-1.4274921199250175e-09,-4.856992337945185e-10,-1.4274921199250175e-09,1.367662923352458,0.12653684020065056,0.2879376941096738,1.3696592784379267,0.14006662746400528,0.37189752360831996,0.3706069131900782,0.020475553731134657,1.9390454433554594,0.6597534746321184,1.389461687089092,28.353186823088503,27.275101973588388,26.285965036758235,0.10561484355861263,0.36598368270825116,0.013364168582192876,0.014793114947393392,0.03927789877572816,0.04912964346642686
2018,3,AIC,-0.5676519422288911,-2.0,-2.0,-0.2094543024947238,-0.35819763973416735,-1.0,-1.0,-1.0,-1.0,0.0,149254361.661,1.0,1.0,149254361.661,149254361.661,0.024295906133961515,10091454.374,1.0,1.0,2.0,6.907755278982137,6.907755278982137,25.72891781265141,0.06590899215624364,133708134.015,9837204.552,9837204.552,9837204.552,3279067.850666667
2018,3,BIC,-0.7361797271252766,-3.9602964410100775e-10,-9.384905041094785e-10,-0.32845278636636716,-0.40772694075890936,-1.9801482205050388e-10,-4.692452520547392e-10,-1.9801482205050388e-10,-4.692452520547392e-10,1.4884858974204342,0.06490403237523622,0.056090071934585914,1.4890036608982673,0.07544613267521333,0.15380620862573038,0.14219867369917313,0.019340750326246593,1.3697481188305076,0.5780142235143922,1.2504238265550456,29.250434508177005,28.387650837652444,26.515588983104777,0.1348210391165684,0.13214827744003407,0.008750429087684745,0.010171726004598747,0.02073631286950068,0.021878476376850645
2018,3,BLI,-0.6335030007496207,-1.1362608095475165e-09,-2.7952584914271916e-09,-0.32471500505526113,-0.30878799569435955,-5.681304047737583e-10,-1.3976292457135958e-09,-5.681304047737583e-10,-1.3976292457135958e-09,1.321605809489078,0.11795552672974018,0.1290928168150858,1.3220476000793504,0.1507347441186481,0.2901765025525903,0.3005726527539945,0.03769715820587598,1.460050076478765,0.593504209706427,1.0704196286283074,28.196425416671044,27.29624371064178,26.05897779899204,0.22221743512782463,0.2511982297523677,0.02621177460903442,0.033495888222694926,0.06448227813159928,0.08060284604121465
2018,3,BMI,-0.6222381226063862,-3.566644125399058e-10,-8.889921204441475e-10,-0.20809379657166616,-0.41414432603472,-1.783322062699529e-10,-4.4449606022207374e-10,-1.783322062699529e-10,-4.4449606022207374e-10,1.412581056916031,0.13635416799996958,0.09234455658265779,1.41394347955239,0.1604775547743281,0.3398650851607683,0.03217535245882527,0.01879557296957255,1.49789794415682,0.6009579590317526,1.073680157294965,29.35512825668433,28.441835203388415,27.362628654916538,0.046789494693322956,0.3151187001691538,0.006379942620047044,0.007508663697510869,0.015902115598575524,0.01944844147178993
2018,3,BVH,-1.12188344173693,-0.004635083117895408,-0.030607287451841967,-0.2891406183171608,-0.8327428234197692,-0.004245158340871828,-0.028032459896133528,-0.00038992477702357975,-0.0025748275557084402,3.0553126094606506,0.07154725639433641,0.17218566317494835,3.063972890215626,0.13243136989904242,0.4724548378425666,-0.05620737264487892,0.016777712760707157,5.60339559687107,0.848562760578234,43420602204.87,32.245980622027986,30.35839662092291,29.608583503020817,0.013432782473636353,0.46962004142992875,0.0009610787317306086,0.0017789217845395097,0.006346383065356334,-0.016741985356728724
2018,3,MIG,-0.7010613973808425,-0.041444274997125656,-0.15635016715238062,-0.2603556251063461,-0.4407057722744964,-2.760221569007364e-10,-1.0413045076113366e-09,-0.0414442747211035,-0.1563501661110761,1.0079251093904247,0.11211124442251269,0.03093340006645461,1.0098495043016287,0.15300205068070585,0.4229441052192841,0.10154163861059483,0.02087644683882415,2.77253956458942,0.7349265705822137,0.9711242533091277,28.918295253789836,27.590546854553573,26.73003160692509,0.012924871640816486,0.3788348976907024,0.0014490234436531798,0.0019775318658298217,0.005466498271199229,0.005938211701957303
2018,3,PGI,-0.6881089181394857,-3.74657290585135e-10,-1.3754637198800217e-09,-0.23060038893618945,-0.4575085292032962,-1.873286452925675e-10,-6.877318599400109e-10,-1.873286452925675e-10,-6.877318599400109e-10,1.1886720250931762,0.10392226738734872,0.04566789013631565,1.190445634698089,0.12090577754589006,0.38152549562221255,0.17147251224864593,0.009902930412992348,2.671258385848678,0.7276138329422346,0.8476522894810358,29.30591185912688,28.0053773714044,27.041799770854023,0.05698411355408842,0.3403014842380296,0.005921918285599018,0.006889708557020353,0.02174089216631602,0.027237520398912817
2018,3,PTI,-0.6620648823354028,-0.04944370219405379,-0.16202504632075646,-0.30686244355828374,-0.3552024387771191,-0.0011805911197398447,-0.0038687501617693677,-0.04826311107431395,-0.15815629615898708,1.20070654039898,0.12588319541743911,0.029939307522021428,1.2029579786188438,0.15092424868860996,0.4125142265533729,0.17518774027013687,0.009596411846936936,2.27696024227413,0.6948391417449653,0.9944928150333232,29.436050579798582,28.249134342510054,27.36364975732217,0.03155878876896107,0.31749572256015207,0.003972721173740809,0.004762986484477992,0.01301844933998925,0.011840896052631163
2018,3,PVI,-0.48451237069756314,-9.465073040002952e-11,-2.8880364372140716e-10,-0.14912398728402307,-0.33538838341354005,-4.732536520001476e-11,-1.4440182186070358e-10,-4.732536520001476e-11,-1.4440182186070358e-10,1.2415570709806676,0.04869575737818425,0.11161614194479408,1.2432269502635933,0.05856878938189768,0.14858323971886456,0.138304342473363,0.029239696683454643,2.0512563664412786,0.6722661487909279,0.9117006194517353,30.681729980993204,29.566176551767676,27.659566610813577,0.2274516308376709,0.1218389284554871,0.01107592943054355,0.01332156666110069,0.033795500189200335,0.04155314609105829
2018,3,VNR,-0.9381188925344938,-2.898993583889898e-10,-6.889926733701821e-10,-0.5392345134449091,-0.39888437908958463,-1.449496791944949e-10,-3.4449633668509105e-10,-1.449496791944949e-10,-3.4449633668509105e-10,1.3450696069720607,0.042129731680232145,0.015422303628564055,1.3450868405505454,0.05410954891237794,0.10012811556410134,0.030177457631020033,0.019766051092576068,1.3766616014571684,0.5792417400159601,0.7913649574965018,29.562389752760406,28.696692938228775,26.395388180896127,0.2703519036192461,0.06979235843871674,0.01138985315871882,0.014628619552440084,0.027069826648562657,0.03162144267714245
2018,4,ABI,-0.7813656415602312,-9.346893249235607e-10,-2.670775669491979e-09,-0.4840232315820407,-0.2973424099781905,-4.673446624617803e-10,-1.3353878347459894e-09,-4.673446624617803e-10,-1.3353878347459894e-09,1.3917978669605464,0.16990314192137032,0.15161353605753822,1.3942863062418929,0.18746298935709294,0.485480218414764,0.41280110669207964,0.018006739437410376,1.8573940006326661,0.6500307623734821,1.429844563156454,28.39170937420581,27.341799353348698,26.619182616499085,0.13290293691362914,0.4784524107719951,0.022580626552203262,0.024914381848166054,0.06452174684079229,0.0806672051126317
2018,4,BIC,-0.7236135531519725,-3.896039778254727e-10,-9.396915201679134e-10,-0.34288624461098494,-0.3807273085409875,-1.9480198891273634e-10,-4.698457600839567e-10,-1.9480198891273634e-10,-4.698457600839567e-10,1.556284446295185,0.08713745507196262,0.03326876301412336,1.556448599638766,0.0956805978936472,0.21016809961015306,0.18064459692033297,0.014432919219254225,1.4119145944368627,0.5853916211185407,1.3426855495938654,29.26679279373006,28.386371924100285,26.826524329960968,-0.0016044221040040867,0.1914677151479701,-0.00013980525900411986,-0.00015351206618489444,-0.00033719834457106225,0.014128468870704644
2018,4,BLI,-0.8688280094188316,-1.0937333028376294e-09,-2.9996269703239813e-09,-0.500844169890111,-0.36798383952872066,-5.468666514188147e-10,-1.4998134851619906e-09,-5.468666514188147e-10,-1.4998134851619906e-09,1.3012481039437442,0.11528228522727481,0.4035083447796866,1.301617145534458,0.13977877703569522,0.31616834841834546,0.11439005034268891,0.02782863359689559,1.7425579549800834,0.6353768939744203,1.100844145101917,28.234571403892357,27.225680358776984,26.07419989968116,-0.1467133227879239,0.2584110596795244,-0.01691344712427868,-0.0205074088341392,-0.04638610895682551,-0.056684686145718824
2018,4,BMI,-0.6129005162182164,-3.607039290517972e-10,-8.86701391633551e-10,-0.18439318824959877,-0.4285073279686176,-1.803519645258986e-10,-4.433506958167755e-10,-1.803519645258986e-10,-4.433506958167755e-10,1.4204163877014864,0.14389446938759445,0.049075423337580346,1.421693176887051,0.17062942664368363,0.35372896156068545,0.039284497772778225,0.008052013775130287,1.4582526560341966,0.5932069888970399,0.9531902340136467,29.34386609476824,28.44441529963338,27.405190995220153,0.0138239914586031,0.34320968575959154,0.0019891959157543313,0.002358779736508627,0.004889946143275461,0.006125233280273285
2018,4,BVH,-1.049195883633372,-0.005098491815217402,-0.03757945769534227,-0.25226581359644884,-0.7969300700369231,-0.00394321503323178,-0.029064258195470438,-0.0011552767819856219,-0.008515199499871827,2.6490103828948985,0.07175348546948598,0.08191591369932966,2.654697216883631,0.11664961072947906,0.5288734726700599,-0.02428446712264454,0.013249049372643389,6.370700798847877,0.864327690501789,57567788281.384,32.36518848420696,30.367675694487232,29.73066963665661,0.029056967783165882,0.5053487637557861,0.0020849387156167153,0.0033894839808853144,0.01536745945674499,0.007328487207545701
2018,4,MIG,-0.5711285275443438,-0.02193245725264572,-0.08155417023290418,-0.33385735761538476,-0.2372711699289591,-2.7205081671911346e-10,-1.0116002216776135e-09,-0.021932456980594903,-0.08155416922130396,0.9681216941953897,0.13472195110466526,0.05912284336235697,0.9694696032724093,0.19327306176696915,0.5009533044079445,0.2920942843537641,0.006296272471602895,2.718423763167999,0.7310688443029887,0.8249727986977513,28.932787519891313,27.61948766097926,26.92824527396359,0.05694349546919361,0.46151581451988644,0.007671538812329429,0.011005643717044584,0.028526032219831358,0.03317107823771869
2018,4,PGI,-0.6176270590626882,-3.730905327997013e-10,-1.342486675936187e-09,-0.23063145369472307,-0.3869956053679652,-1.8654526639985064e-10,-6.712433379680935e-10,-1.8654526639985064e-10,-6.712433379680935e-10,1.1802354023980741,0.12784433376669904,0.04629271570308089,1.1821134794986576,0.15145409477055055,0.460020556908298,0.22138338512440772,0.0028153323650443964,2.5982866299556284,0.7220899547926422,0.8725943494315795,29.310102469996703,28.02964467395162,27.253160572385188,0.052117712271899756,0.4086082799864096,0.006662954202845539,0.00789344093365259,0.023975219024105765,0.02974893860439679
2018,4,PTI,-0.677818286208608,-0.022079395259879682,-0.07400627568976292,-0.28284139654399215,-0.39497688966461586,-0.001176609863845716,-0.003943790712478734,-0.020902785396033966,-0.07006248497728419,0.8478497900999629,0.1800536346088867,0.029175657003260642,0.8500989398673633,0.30249808559101726,0.6035083282385934,0.1376447680747128,-0.009839665839337645,2.351825302219179,0.7016550954078904,0.46461645909835936,29.43942853501543,28.229923471230133,27.724928032588615,-0.03130858095474217,0.415633363469298,-0.005637223795347896,-0.009470785801380891,-0.01889498935151911,-0.020481446187007396
2018,4,PVI,-0.5126292447275786,-0.0008506946654329034,-0.002397007855715838,-0.16942134462181185,-0.34320790010576685,-5.0443426224835545e-11,-1.4213476802352167e-10,-0.0008506946149894771,-0.0023970077135810697,1.3199200025255555,0.054748136458464644,0.025646171846455904,1.320152634938883,0.06459778215038268,0.15426417786452315,0.09338141558338668,0.01905726116573135,1.817706461690392,0.6451014278470717,1.0320016641796468,30.617923959379496,29.582000716803982,27.712912011226372,0.1017949628041167,0.12292386893000927,0.005573084514384114,0.006575728831226639,0.01570331624772678,0.02134684371009053
2018,4,VNR,-0.8824895793996574,-2.9967370390110764e-10,-6.696982819326453e-10,-0.5648239736111114,-0.31766560578854613,-1.4983685195055382e-10,-3.3484914096632266e-10,-1.4983685195055382e-10,-3.3484914096632266e-10,1.434932401392747,0.03393678392230121,0.0173150355356847,1.4459429238958466,0.042509522098370146,0.07584050782975803,0.2519858235747475,0.014837358771502879,1.2347582494380147,0.5525243053688359,0.9151882751454784,29.529229346401895,28.72509628998625,26.145973564995945,0.3783606304887068,0.059144024411927634,0.012840342961600894,0.01608392958291294,0.02869506235905095,0.035198195712891005
2019,1,ABI,-0.7483211246873014,-8.789052509899432e-10,-2.464015404326065e-09,-0.515743181748945,-0.23257794293835637,-4.394526254949716e-10,-1.2320077021630325e-09,-4.394526254949716e-10,-1.2320077021630325e-09,1.433692478185601,0.14863165292275732,0.27998359461177946,1.4359617746876736,0.16089864962098063,0.41668960557423024,0.5078111763530527,0.019759016948977606,1.803505157752504,0.6433036703233057,1.4490757626226574,28.453246475415725,27.422375999081055,26.546962313589926,0.18627967733442088,0.41224225879981446,0.027687056348132868,0.02997214853494031,0.07762080527497471,0.097046131830274
2019,1,AIC,-0.5462606437609921,-1.0080558786992814e-09,-2.4482679451702124e-09,-0.2078429086412034,-0.3384177351197888,-5.040279393496407e-10,-1.2241339725851062e-09,-5.040279393496407e-10,-1.2241339725851062e-09,1.204627040728735,0.09661652112090216,0.0738681452395838,1.2046270415896183,0.13698985896398366,0.2346527971637672,0.05379583550462091,0.020575734586480893,1.4287026115350583,0.588257535010451,0.5871517798040862,28.31614469315825,27.42878748310175,25.979139166867586,0.0017965434466059836,0.21876292558543833,0.00017357577785362537,0.0002461082333732228,0.0004215639449723291,0.0005269537051792479
2019,1,BIC,-0.6807575170324192,-3.827554686057048e-10,-9.1335684925511e-10,-0.3190670936373071,-0.36169042339511204,-1.913777343028524e-10,-4.56678424627555e-10,-1.913777343028524e-10,-4.56678424627555e-10,1.4342236860464994,0.07021007875974469,0.036621337659126535,1.4343683452278821,0.08429421599379458,0.1675400133551423,0.27829698914472806,0.017013736098552813,1.386267275506921,0.5809354592152435,1.2041481636031053,29.284527253364875,28.414796917728474,26.628263847185153,0.15171280993134198,0.14466910015069345,0.010651768334141698,0.012788512369378046,0.025417966202043202,0.031867116620621035
2019,1,BLI,-0.5495427280529758,-1.0544206155639936e-09,-2.7927668033549894e-09,-0.2700637087729999,-0.27947901927997587,-5.272103077819968e-10,-1.3963834016774947e-09,-5.272103077819968e-10,-1.3963834016774947e-09,1.2398894555724433,0.12121187939575456,0.18960536713568904,1.2402789085345773,0.15747857535283963,0.32104504402890927,0.3586564493735502,0.018420856506057633,1.648626897209498,0.6224458790124175,1.00720766690317,28.271176859974986,27.297135506260407,26.160961664641384,0.2157254944610168,0.27514891604966063,0.026148492617198288,0.03397214353500782,0.06925760086739537,0.08715832716631337
2019,1,BMI,-0.6420868974056602,-3.5066037711521774e-10,-8.754451211161828e-10,-0.25488352284408783,-0.3872033745615723,-1.7533018855760887e-10,-4.377225605580914e-10,-1.7533018855760887e-10,-4.377225605580914e-10,1.4003104109275073,0.1273236185573181,0.10216507787666203,1.4016088206265707,0.15154854534514706,0.31787121654819195,0.08931007329518778,0.012450744801206821,1.4965612833654562,0.5994490475106771,1.055651460149621,29.372105406985156,28.45719110861494,27.31108215097847,0.06440521054530404,0.29573608685903313,0.008200304460574053,0.009760515970788752,0.020472562628078235,0.025608785853809362
2019,1,BVH,-1.077724328512748,-0.006002122837325148,-0.044062675671322965,-0.26720921820441285,-0.8105151103083351,-0.003844488672742488,-0.028223090746443264,-0.0021576341645826594,-0.015839584924879704,2.8448638643993513,0.06349328680442985,0.11864704074191108,2.8513477749360794,0.10146215294928111,0.46611576930282783,0.0100633083405608,0.013766855302260525,6.34118192272112,0.8637821524480985,60634282289.381,32.388821561309214,30.39532170675202,29.632000463021733,0.05584558585938928,0.4583649969180944,0.003545819799731616,0.005666213374007566,0.026030508215016356,0.016709596933725406
2019,1,MIG,-0.5700965432340627,-0.02621700106441256,-0.11354070395200042,-0.2706306659306724,-0.29946587730339025,-2.268166802895094e-10,-9.822986803431233e-10,-0.02621700083759588,-0.11354070296970174,1.1154984753017758,0.08959909678940634,0.1684311545001689,1.116570977332567,0.10550043216504668,0.3880361639356925,0.21904934999438325,0.011674458582222609,3.330804414778114,0.7690960144522633,1.4993917701735113,29.11463427951144,27.64888097766645,26.702224239984,0.07496059019706242,0.35242435079267975,0.006716401176457619,0.007908374661137045,0.029087419866423575,0.032651948619112234
2019,1,PGI,-0.6846088516784362,-3.5708512739538e-10,-1.4055217776610831e-09,-0.23087861208609398,-0.4537302395923422,-1.7854256369769e-10,-7.027608888305416e-10,-1.7854256369769e-10,-7.027608888305416e-10,1.1459910177264045,0.10566070479632073,0.033752898952060566,1.147733782561515,0.12431975990746447,0.41589080653536353,0.21978843528645178,0.0016335090490190358,2.936097221167178,0.7459412347280721,0.7659849756546041,29.35394937002827,27.983759690643527,27.10642715317763,0.06699563905929513,0.3603753517299879,0.007078806441285038,0.00832888176269872,0.02786287036272236,0.03403498135908888
2019,1,PTI,-0.6887355099850363,-0.02833871155482915,-0.10305666145755274,-0.3468516122844441,-0.34188389770059224,-0.0015501472355969603,-0.005637271072087748,-0.02678856431923219,-0.09741939038546499,1.1815863316969148,0.12918773917729795,0.04145033044943868,1.1841460052863906,0.15085987075705823,0.4698046019171489,0.2864856414319114,0.005409796591401515,2.636603635213296,0.7250181487151961,0.8948282059440248,29.53809927371982,28.24704909489848,27.491610683574553,0.04268260543013664,0.3799850169998577,0.005514069297716014,0.006439092338764926,0.020052484452892084,0.02146876445969793
2019,1,PVI,-0.44682697755318074,-9.154294203193012e-11,-2.777932927263586e-10,-0.13463681255414256,-0.3121901649990382,-4.577147101596506e-11,-1.388966463631793e-10,-4.577147101596506e-11,-1.388966463631793e-10,1.3024630462047437,0.04983077421145823,0.03820273503352135,1.3027984860144035,0.05729084079341597,0.1512148783952824,0.1466788020237771,0.02316233071284782,2.0345681115368186,0.6704638145381543,0.8544544335515893,30.715115401457133,29.605046289695434,27.715992871702763,0.21929670355035236,0.12106332327676668,0.010927724519934697,0.012563692529624174,0.03316092435985282,0.040732302953214665
2019,1,VNR,-0.9053962972818801,-2.837362673586968e-10,-6.536077551017867e-10,-0.5377688444802904,-0.3676274528015897,-1.418681336793484e-10,-3.268038775508933e-10,-1.418681336793484e-10,-3.268038775508933e-10,1.3871131042241656,0.03772930784746439,0.018999131515959992,1.397297462544358,0.047748648076747204,0.08691228806696842,0.1030432806851026,0.01677957661605734,1.3035749401591366,0.565892134626661,0.8595042650196979,29.583878404819945,28.749416166784417,26.306560314760105,0.28373139850419765,0.06075444286690127,0.010704989280156469,0.013547790695500252,0.024659745040440637,0.028939867182372892
2019,2,ABI,-0.7573779820285184,-8.424538950388474e-10,-2.5552191958838003e-09,-0.533276801433507,-0.2241011805950114,-4.212269475194237e-10,-1.2776095979419002e-09,-4.212269475194237e-10,-1.2776095979419002e-09,1.374582606072251,0.1683479839432365,0.04900456879460299,1.3763259423860206,0.18248069626241747,0.5106107321638768,0.5080191265245407,0.01622173981790158,2.033067104243103,0.6703007333398421,1.475523227275463,28.495604638731024,27.386030285560096,26.713882529895116,0.17797311348400163,0.5020266846277057,0.029961414851132514,0.03247665766455086,0.0908749817815508,0.11361038011014314
2019,2,AIC,-0.6251759422926773,-1.0029652631200333e-09,-2.440577038913664e-09,-0.23509148677169028,-0.390084455520987,-5.014826315600167e-10,-1.220288519456832e-09,-5.014826315600167e-10,-1.220288519456832e-09,1.2118411772745237,0.11322865494334745,0.10534707346404361,1.2118411781263252,0.15870590366384096,0.27552624758125804,0.05701143269167322,0.03094585900380777,1.4333614818538132,0.5890458497608141,0.6621317185447905,28.321207421089454,27.431933793784996,26.142861411384942,0.012711556289447656,0.25825450964976676,0.0014393124208908067,0.0020173990278905714,0.003502367405349453,0.004417954845831849
2019,2,BIC,-0.7220281781018496,-3.637100291237088e-10,-9.330842382227794e-10,-0.37120270977039416,-0.3508254683314554,-1.818550145618544e-10,-4.665421191113897e-10,-1.818550145618544e-10,-4.665421191113897e-10,1.2675734196451565,0.07654737596428662,0.025252309881754254,1.2676884679864946,0.09899423454095685,0.19637937991887278,0.25362638772520485,0.018504336320166348,1.5654619436007062,0.610206652063422,1.0178421600472705,29.33556664859335,28.393428091214734,26.76572121241133,0.1581838289620537,0.1691069635655616,0.012108557027028736,0.015659287064856146,0.03106404224476113,0.03654559261657817
2019,2,BLI,-0.6494288618018531,-1.0483850725636247e-09,-2.845582663482759e-09,-0.3668860991245503,-0.2825427626773029,-5.241925362818124e-10,-1.4227913317413795e-09,-5.241925362818124e-10,-1.4227913317413795e-09,1.3559782223059995,0.10464082597707561,0.25865042802599153,1.356343167615759,0.12251184875777453,0.28402170927973786,0.2586689100089723,0.022943662040170024,1.7142533196551837,0.6315745502608286,1.2048227481749008,28.27691734242528,27.27840044724925,26.019695844632682,0.09812386370394911,0.21329431772527235,0.010267762146043226,0.012021335949626696,0.02786930749032766,0.03483663283707505
2019,2,BMI,-0.6002081622298854,-3.779663167350196e-10,-9.093961275860506e-10,-0.21191768504977526,-0.3882904771801101,-1.889831583675098e-10,-4.546980637930253e-10,-1.889831583675098e-10,-4.546980637930253e-10,1.436956699301541,0.15742953269943588,0.09357780725658221,1.438565375387658,0.18727865487250814,0.37877927493977614,0.03252386207398011,0.019831951589275327,1.4060242601554356,0.5843765931373455,1.1134607747365681,29.297118492988115,28.41914279229634,27.448341160721153,0.054956098174876775,0.3503397660302871,0.008651712854655172,0.010292104143232422,0.02081623102019898,0.024643828131624548
2019,2,BVH,-1.086759855390829,-0.006450367906191109,-0.048565794757099746,-0.2590098586769402,-0.8277499967138889,-0.0038796016102118176,-0.029210106815770596,-0.002570766295979292,-0.01935568794132915,2.8761392470473353,0.06728678691694288,0.07218530087584307,2.8818614699910188,0.10919319916049205,0.5066123871998773,-0.020753527836703464,0.01335777200110425,6.529151121827632,0.8671829023193708,62469219988.102,32.42626129523653,30.407478992604563,29.727469902529197,0.03167580390138064,0.5067061263458349,0.002131363067535067,0.0034587823639721468,0.016047354630953633,0.0032061710779167246
2019,2,MIG,-0.5046010086958085,-0.03758991622779737,-0.12278571086206985,-0.2895664855026492,-0.2150345231931593,-2.1465119204757508e-10,-7.011481228963768e-10,-0.03758991601314618,-0.12278571016092173,1.2424916786694502,0.08520381862053474,0.045351993956532735,1.2436676188183404,0.10004233433166228,0.27831430573257876,0.2609420278021983,0.020845685265205176,2.266453431765592,0.6938575672699925,1.3624373057287176,29.169762046807712,27.986057227919993,26.70705302014633,0.14787640596404017,0.2485264538351669,0.012599634472016641,0.014793900845219124,0.04115611926011081,0.045975760655559715
2019,2,PGI,-0.6494680489117906,-3.542442500198826e-10,-1.3757847243503324e-09,-0.21675413563737744,-0.4327139132744131,-1.771221250099413e-10,-6.878923621751662e-10,-1.771221250099413e-10,-6.878923621751662e-10,1.155927275969602,0.11351028968552507,0.032440982365105286,1.157525969614203,0.13310906054756955,0.440841940545715,0.1997722780049386,0.005328343841625487,2.8837178705740856,0.7425147672088288,0.7963668985250116,29.361936928450394,28.005144019543764,27.18607514030277,0.0656694115671525,0.37427740843525187,0.007454153930465452,0.008741193680415366,0.028949830829758737,0.03531029911704999
2019,2,PTI,-0.6343849261933745,-0.02844808625963006,-0.11448526849143179,-0.25243784733621927,-0.3819470788571552,-0.0010027654171560884,-0.004035486498786026,-0.027445320842473975,-0.11044978199264577,1.1438315239116659,0.1391074990599594,0.01730078765340725,1.1468595924023046,0.16166462233170525,0.5598183031964044,0.12475519677521374,0.0026999160386230966,3.0243574715918533,0.7515131279815346,0.8490272248594702,29.59990303850507,28.207537774764585,27.62739476828572,-0.009991166698237545,0.4519656075777761,-0.0013898462120829772,-0.0016152181909236834,-0.005593237987959764,-0.008074299487248984
2019,2,PVI,-0.6121961326528316,-9.319868061730279e-11,-2.8710007742115253e-10,-0.18988390161122956,-0.42231223104160204,-4.6599340308651395e-11,-1.4355003871057626e-10,-4.6599340308651395e-11,-1.4355003871057626e-10,1.3164091296995433,0.0506427884258048,0.057237969968873176,1.3165690137338366,0.057193183273668756,0.15600594752595956,0.16911622618412728,0.026355435993053265,2.0805165429332373,0.6753791170854061,0.8988145614006222,30.697190010346,29.572092718677496,27.71423157138456,0.2141135267559807,0.12935015844248232,0.010843306034606025,0.012245834177126382,0.03340298361969166,0.04297807068827301
2019,2,VNR,-1.0309875719954025,-2.754139987203546e-10,-6.76377463886125e-10,-0.7117046276092212,-0.3192829443861813,-1.377069993601773e-10,-3.381887319430625e-10,-1.377069993601773e-10,-3.381887319430625e-10,1.3212955339952077,0.054887093228096026,0.012379172820667583,1.330711774652028,0.0696242216823347,0.13479486551224892,-0.011069178757771192,0.01882635553268882,1.4558572441079662,0.5928102081669543,0.8406272023985336,29.613648159965525,28.71517227673318,26.711171105832076,0.1410638374077135,0.11571616482275322,0.00774258399491015,0.009821459887035462,0.01901468099201449,0.022481616556221315
2019,3,ABI,-0.7205084004668123,-8.054424986120768e-10,-2.33501623563273e-09,-0.46478732871003886,-0.2557210717567734,-4.027212493060384e-10,-1.167508117816365e-09,-4.027212493060384e-10,-1.167508117816365e-09,1.4153390314952714,0.14182262403032833,0.046982227901941086,1.4170046016807891,0.15278958187882954,0.41115055421274466,0.46353169349602613,0.016442038635596297,1.8990477155804237,0.6550591442059834,1.495729071701609,28.540531761358153,27.476149452230036,26.58735363262144,0.20960136741324636,0.4049742335690717,0.02972621592689155,0.032024905288300834,0.08617771837570536,0.10773528223868263
2019,3,AIC,-0.6478516386696455,-9.885023227646438e-10,-2.4429472873079327e-09,-0.2199603016876487,-0.4278913369819967,-4.942511613823219e-10,-1.2214736436539663e-09,-4.942511613823219e-10,-1.2214736436539663e-09,1.2066966800255425,0.10169488951963483,0.11644655224621647,1.2066966808561794,0.14163303155130005,0.2513249071486731,0.025108596878664572,0.0294480493454222,1.4713622123572725,0.595364857890999,0.6691235363725635,28.335732583075522,27.43096308147886,26.0499543553409,-0.0038642552814575058,0.2341836876236922,-0.00039297501392348644,-0.0005473061902009487,-0.0009711835998110774,-0.0012134994723150593
2019,3,BIC,-0.7657984496789368,-3.6975266835832265e-10,-9.063817997947552e-10,-0.3459862061966976,-0.4198122434822392,-1.8487633417916133e-10,-4.531908998973776e-10,-1.8487633417916133e-10,-4.531908998973776e-10,1.2426383932517509,0.07621645460431849,0.0273179488745975,1.2427479345345642,0.10361990350979257,0.1868308553524534,0.18551037180880256,0.020440640040375397,1.4513191583417921,0.5920563845809228,0.9070466538141009,29.319089257250393,28.42246294562,26.744911357338456,0.1518736463840022,0.16360020285819288,0.01157527087521862,0.015737132583990662,0.028374683259419168,0.029774913605204352
2019,3,BLI,-0.6099616377078478,-1.0251722028949412e-09,-2.716340252334757e-09,-0.33257656180377004,-0.27738507590407785,-5.125861014474706e-10,-1.3581701261673784e-09,-5.125861014474706e-10,-1.3581701261673784e-09,1.3031673397156367,0.1137362414796372,0.11841587032202122,1.3036481441601595,0.14053635489908842,0.3013604251149064,0.28754110743105876,0.023326799681682334,1.6496429035670266,0.6225906522521315,1.1323752258025417,28.299307695184684,27.324882817637537,26.12543451269291,0.15071192792134464,0.24171123017880455,0.01714140822792373,0.021180504989879924,0.045418610668263554,0.05703542699738511
2019,3,BMI,-0.5661321673962824,-3.6456782545826276e-10,-8.941409509614378e-10,-0.20450920029849193,-0.36162296709779046,-1.8228391272913138e-10,-4.470704754807189e-10,-1.8228391272913138e-10,-4.470704754807189e-10,1.3990864092205368,0.161624746413078,0.07657054861452835,1.4009710714087698,0.19479962938927514,0.3964016963785399,0.053089280402563235,0.015400899869639835,1.4526052178013795,0.5922702957892086,1.022093809782368,29.3332109632575,28.436060149456836,27.510732952382877,0.052024672774701575,0.37839654424639124,0.008408474544434505,0.01013438697561018,0.020622668541430144,0.02400894656855184
2019,3,BVH,-1.0714912781263193,-0.005963352336856278,-0.04433318473235912,-0.24615829255690183,-0.8253329855694175,-0.00426929369190517,-0.03173909157608257,-0.001694058644951108,-0.012594093156276553,3.4833783226683575,0.06937186441812047,0.0898740053713483,3.489832308356714,0.10913473873132568,0.5157293258472826,-0.029559559485957097,0.014003535653716046,6.434272239518621,0.8654878422820912,64343218619.913,32.43359587292337,30.427495180852734,29.76532196740975,0.042209296284588825,0.5040517915021073,0.002928137579038772,0.0046065005220517164,0.021768571917339205,0.00978179063014479
2019,3,MIG,-0.606071972466923,-0.013965160242806791,-0.04452399439920676,-0.29523108543433324,-0.31084088703258983,-2.1581121256245224e-10,-6.880534882774407e-10,-0.01396516002699558,-0.04452399371115327,1.2374878913549607,0.08913394568828666,0.010987272878751014,1.2383769422000834,0.10637768205166916,0.28417857221857734,0.2055530827615058,0.014767949830972505,2.1882193705682886,0.6863452969292532,1.281322950639366,29.164372385315705,28.00490981540999,26.74675735241015,0.06571920197073686,0.25024009740122677,0.005857811779137201,0.006991056371932474,0.018675988983388313,0.02234987962556622
2019,3,PGI,-0.6602741618318624,-3.4906981262791703e-10,-1.3413645609334413e-09,-0.21665382850361764,-0.4436203333282447,-1.7453490631395851e-10,-6.706822804667207e-10,-1.7453490631395851e-10,-6.706822804667207e-10,1.1568377221420898,0.10854815085028331,0.025472204784309397,1.1581355103157374,0.12762783502131275,0.4171161109844495,0.16337191764035494,0.005725355428141197,2.8426827883946473,0.7397651445442966,0.7787730393184102,29.37665163708963,28.030480871616167,27.156090219282397,0.05520568929079037,0.3661425496672303,0.005992475488930584,0.007045782605042846,0.023027182421190354,0.0267793313970882
2019,3,PTI,-0.5644725828758856,-0.024737767330145412,-0.1005337559226757,-0.224295920694973,-0.34017666218091264,-0.001660443016727751,-0.006748004811404207,-0.02307732431341766,-0.09378575111127149,1.1355245928243065,0.15609207869543834,0.015407182729443738,1.1372148933320918,0.18379860063428985,0.6343548603882048,0.09975944426585641,0.0014041442819977211,3.063978554773025,0.7539357094230901,0.7912760182545421,29.624423538201047,28.222261104815505,27.767114340388265,0.022854977819361195,0.45191747689449335,0.003567480996362225,0.004200712940726321,0.014498166263776386,0.013639480388778798
2019,3,PVI,-0.5797766795889102,-8.804117876389142e-11,-2.8120731558438127e-10,-0.1716160483308155,-0.4081606312580947,-4.402058938194571e-11,-1.4060365779219064e-10,-4.402058938194571e-11,-1.4060365779219064e-10,1.3002097159372668,0.04643874096777797,0.07129569070095763,1.300874631757727,0.05217634652749584,0.1483273380708433,0.13879432073236653,0.01593323090788567,2.1940430549950065,0.6869171821475138,0.7877645573511499,30.75411892994367,29.592831400280836,27.68449769648009,0.1550764737343575,0.12086705267836659,0.007201556193946252,0.008091323831825944,0.023002080546430298,0.028468372938561734
2019,3,VNR,-0.9760171806039815,-2.7683706360975925e-10,-6.611335543144207e-10,-0.5553695323221381,-0.4206476482818433,-1.3841853180487963e-10,-3.3056677715721035e-10,-1.3841853180487963e-10,-3.3056677715721035e-10,1.358808900599998,0.048074571790129,0.034811631092671706,1.368461882916379,0.06047871829451026,0.11481017789061432,0.07261594648714656,0.020026154627799622,1.3881684977210327,0.5812690767195555,0.8510939423702248,29.60849446036669,28.7379677071409,26.573492565698125,0.20217603885856608,0.09494925421839928,0.009719526494350046,0.012227347700027178,0.023211866986571725,0.02864783142431022
2019,4,ABI,-0.8027275057189183,-7.783708982826836e-10,-2.2442254817517795e-09,-0.4739696666962489,-0.32875783902266936,-3.891854491413418e-10,-1.1221127408758897e-09,-3.891854491413418e-10,-1.1221127408758897e-09,1.4136468352971368,0.14009775129816424,0.02841839367735834,1.4153463886192554,0.15154584139253066,0.4039346076441799,0.33592832502422854,0.01671278041592488,1.8832340555167268,0.6531672487404835,1.41201554555107,28.574720431882156,27.515807831811955,26.609305555422978,0.09625884673249,0.397204944272492,0.013485647969776492,0.014587627919549845,0.03888227948716959,0.04861547189551896
2019,4,AIC,-0.623901895093541,-9.629816029991423e-10,-2.425037434155677e-09,-0.21899912918805256,-0.4049027659054884,-4.814908014995711e-10,-1.2125187170778384e-09,-4.814908014995711e-10,-1.2125187170778384e-09,1.3000235752661198,0.128846528137972,0.15341038074690821,1.300023576065918,0.16463189735646203,0.3244689753391407,-0.08878195501528188,0.0855164982887375,1.518259358852816,0.6029003142648712,0.654598419370278,28.361889267698036,27.438321335452965,26.312755980460736,0.02259460490625229,0.30507229715004536,0.002911236396819796,0.0037197926757359403,0.007331248302124401,0.006580750318871247
2019,4,BIC,-0.7001637753066094,-0.0018030582892892494,-0.004478312252759117,-0.34308238735751106,-0.3570813879490984,-1.8030581089834386e-10,-4.478311804927937e-10,-0.0018030581089834386,-0.004478311804927937,1.2626697755920455,0.08314575375183615,0.03526605347986134,1.2627235716076497,0.1097733697379865,0.20651170846979025,0.21415824320039967,0.018422989891750285,1.4902347493034531,0.5999983846733804,0.9698905042136392,29.34412203616727,28.434360062770843,26.856961894194008,0.06179249485593762,0.1876470670371542,0.005137783561003391,0.006783170384853469,0.012760873683310404,0.02514971918178788
2019,4,BLI,-1.015143654480951,-9.977881811172897e-10,-2.9623374182698496e-09,-0.5993815457044561,-0.41576210877649467,-4.988940905586448e-10,-1.4811687091349248e-09,-4.988940905586448e-10,-1.4811687091349248e-09,1.3255098812134132,0.11684594255122593,0.26226148636384594,1.3259455176334873,0.1332306463866765,0.34690439748936797,0.04204243911864006,0.029371160098382747,1.9689040964112476,0.663175378009421,1.2466993648089353,28.32638256505543,27.238189671442115,26.179483622888537,-0.26105747269531326,0.2898753863808601,-0.030503506457124806,-0.034780855831268734,-0.09056198527546477,-0.11318022725389588
2019,4,BMI,-0.5268036394336209,-3.4581773833266245e-10,-8.794027091153923e-10,-0.1960527804306305,-0.33075085900299034,-1.7290886916633122e-10,-4.3970135455769617e-10,-1.7290886916633122e-10,-4.3970135455769617e-10,1.345378268858875,0.16852598903148125,0.06740352805009102,1.3465574573656007,0.20628282582439153,0.428555839920713,0.0450652856304086,0.015697423461126393,1.5429658795276806,0.6067583886789171,0.9785401814023335,29.386011707028494,28.45268063808801,27.605346403520937,0.04517764857634184,0.41635626075479465,0.0076136079084447,0.009319373012429093,0.019361145131276982,0.024163118277929364
2019,4,BVH,-1.08691266931592,-0.005764095555774975,-0.03732912829966378,-0.22251172993432453,-0.8644009393815953,-0.004934674473209443,-0.03195767570906355,-0.0008294210825655322,-0.005371452590600233,3.8378622171228143,0.07267611586985585,0.22848136746871917,3.8435499205809784,0.11674318276594096,0.4706611865427914,-0.05401476623922765,0.01374489779623958,5.4761466805081325,0.8455871910669049,67826772149.361,32.48503273073663,30.61690704531546,29.863290252327936,0.011382532749662678,0.4592011681923947,0.0008272382690069137,0.0013288331011331786,0.005357316369818418,-0.0052708344989663685
2019,4,MIG,-0.4899572413486455,-0.013761096311396255,-0.046219884844937865,-0.23850559137665078,-0.2514516499719947,-2.0121290845020333e-10,-6.758209700328597e-10,-0.013761096110183346,-0.0462198841691169,1.274385638704396,0.12967877373293873,0.0037312666432935356,1.2751776233226184,0.1479596243939853,0.4355567211462263,0.17976870604255904,0.012056329603621482,2.3587356558692827,0.7022689182899726,1.2552432391500865,29.23441280143592,28.02284819117279,27.191717943736393,0.040817739663264574,0.3794385351422266,0.005293194426082486,0.006039377429188103,0.01777844085233179,0.020734448364499863
2019,4,PGI,-0.5945099888606041,-3.422993682693765e-10,-1.297894746120981e-09,-0.22279590012845663,-0.3717140887321475,-1.7114968413468824e-10,-6.489473730604905e-10,-1.7114968413468824e-10,-6.489473730604905e-10,1.1691946348676272,0.12905174613085943,0.023656866124742933,1.1705897939067857,0.15114937888501456,0.48932483903729695,0.21018450676464256,0.00514732119894184,2.7916948333354434,0.7362656954330027,0.8177349924201854,29.39623787548286,28.06342477076956,27.348696053227503,0.0703303575047108,0.42562599021856223,0.00907625544199052,0.010630389853598059,0.03441439086542816,0.04216831907341862
2019,4,PTI,-0.5366806834491736,-0.002433754468649655,-0.009859742296659264,-0.25351073197088175,-0.2831699514782919,-0.0016040590523518615,-0.006498440614507824,-0.0008296954162977933,-0.00336130168215144,1.1666047397908745,0.1713154315590853,0.021559258368201138,1.1676483777745619,0.19645292382286678,0.6940412553410714,0.14566752164299998,0.010013810969531382,3.0512477423944278,0.7531624665814771,0.7637568194778901,29.656247159500342,28.257222241288357,27.891998366782612,0.049351825863033195,0.4612589070661128,0.00845472934595436,0.009695310486789848,0.03425220317535352,0.03968358039056178
2019,4,PVI,-0.5419965485357654,-0.0005722534877840159,-0.0017489863209332612,-0.12293340992997817,-0.4190631386057872,-0.0005722534425013063,-0.0017489861825350842,-4.528270949891935e-11,-1.3839817699511584e-10,1.25772965272219,0.05226493330221073,0.033326713836304755,1.2600422192174068,0.06195769963552191,0.15973804504719194,0.13676774402827221,0.005174294975183248,2.056313955736652,0.6728084828710034,0.7455895098969717,30.725851124048972,29.608641523814477,27.774421499904335,0.1093024462117944,0.13303626560524703,0.0057126850610279105,0.006772128131818147,0.017459759076747888,0.02107114476581696
2019,4,VNR,-0.990896362620927,-2.8565200939739303e-10,-6.436349879644504e-10,-0.5138450783062651,-0.4770512843146618,-1.4282600469869652e-10,-3.218174939822252e-10,-1.4282600469869652e-10,-3.218174939822252e-10,1.4764383674187151,0.03209295331682739,0.02651069043353982,1.4868461487716078,0.03883585873181977,0.07231227837464105,0.21555908646203392,0.014086511253268612,1.2532135843267918,0.556189432304183,1.024956753796022,29.577149255851268,28.764791798926886,26.13803046006617,0.3770908881284021,0.05700615982048558,0.012101960268905787,0.014644648460411077,0.027268301274881633,0.03298767225084018
2020,1,ABI,-0.7212591491220461,-7.463039995229203e-10,-2.1535818101239835e-09,-0.4617646997788385,-0.2594944493432077,-3.7315199976146015e-10,-1.0767909050619918e-09,-3.7315199976146015e-10,-1.0767909050619918e-09,1.4269576097762675,0.1478961875106979,0.04600680309884445,1.4283641594624985,0.15845267265544657,0.4267785505817097,0.4839887661956097,0.016591232554949337,1.8856629624130044,0.6534591832014244,1.375567977484906,28.61679055221202,27.557035882320758,26.705545865134322,0.2064392421450037,0.41729234202399573,0.030531576865843835,0.03271084965884074,0.08810384054583127,0.11018799173785261
2020,1,AIC,-0.5670278483543758,-9.261436898751973e-10,-2.5335029226208707e-09,-0.17711927197806618,-0.38990857637630966,-4.6307184493759867e-10,-1.2667514613104353e-09,-4.6307184493759867e-10,-1.2667514613104353e-09,1.2488028451160318,0.11201064622687447,0.13303035788261922,1.2488028458460718,0.14140465896356907,0.30640958058968104,0.003127933537502658,-0.005352945191611216,1.735539798324678,0.6344414361609989,0.5585784975106362,28.40089418021108,27.394565396965092,26.211732823603636,-0.14573153621893709,0.2807575802398505,-0.016323483547518305,-0.020607118179275814,-0.04465353889153443,-0.044653540045156016
2020,1,BIC,-0.5817008184632528,-3.638393097944573e-10,-8.681149758297422e-10,-0.3172273650642135,-0.26447345339903927,-1.8191965489722864e-10,-4.340574879148711e-10,-1.8191965489722864e-10,-4.340574879148711e-10,1.1659006484802072,0.06970140282708186,0.039156965865882895,1.1659493252975426,0.10293777305479396,0.1663064710207217,0.3577935448018892,0.011896030841067549,1.3859845609320334,0.5808858043870277,0.8486616801315663,29.33521126191318,28.46559940894907,26.671676427138912,0.16457517073424896,0.14660251478224123,0.01147112027068366,0.01694100157549609,0.027369915862445703,0.036621741566076955
2020,1,BLI,-0.5292207230321837,-1.0040643394265083e-09,-2.9027271036973214e-09,-0.2750758485508596,-0.2541448744813241,-5.020321697132541e-10,-1.4513635518486607e-09,-5.020321697132541e-10,-1.4513635518486607e-09,1.2690716494443697,0.10754083360391735,0.061434170540873065,1.2695430514964672,0.1298930282321332,0.3108980970627759,0.2898002821878628,-0.010028482293736983,1.8909771911183229,0.6540961986582925,1.111402446036627,28.32011219417806,27.2585176207916,26.09022753811815,0.06443576564766573,0.24313107837656406,0.006929475951656634,0.008369756726431362,0.020032956922642262,0.024303691498612473
2020,1,BMI,-0.5361934831536694,-3.337817611039835e-10,-8.689607603346689e-10,-0.209093881563553,-0.3270996015901165,-1.6689088055199176e-10,-4.3448038016733447e-10,-1.6689088055199176e-10,-4.3448038016733447e-10,1.3557326180837763,0.15763279492855653,0.06416371631640756,1.3570764534093078,0.18861697388817086,0.41037806524163223,0.07564501566377332,0.00340557026311846,1.6033799973389211,0.6158839658358891,1.0281331747267266,29.421436205927506,28.464625606190612,27.5739491723697,0.043308197624650865,0.3886317273971478,0.0068267922348919895,0.008168661180512515,0.017772734350306473,0.022196888269923058
2020,1,BVH,-1.0898816775393196,-0.00457610628861678,-0.03050208674816482,-0.2846793067782275,-0.8052023707610921,-0.004564056035475309,-0.030421765653444444,-1.2050253141470933e-05,-8.0321094720375e-05,3.9769737973991903,0.05904730130938677,0.12993705729451546,3.9828281056104085,0.08857233267788911,0.39358043567828704,-0.02070645675093742,0.011251385569962311,5.665510987810706,0.8499739927173309,76602361077.176,32.524613725016856,30.627667106986532,29.69519728584519,0.014550207642910207,0.3861356072374624,0.0008591504948050612,0.0012887458318802075,0.00572667706330614,9.011797911612682e-05
2020,1,MIG,-0.548346969742761,-0.019454222661031008,-0.06608765387972287,-0.23075290075254304,-0.3175940689902179,-1.9521123162749736e-10,-6.631492059086335e-10,-0.01945422246581978,-0.06608765321657367,1.2437049646397116,0.09738686205878411,0.014078611040268533,1.2445892188427528,0.112552246040541,0.33083147778838823,0.15162222788895585,0.013229113254053447,2.397085302827538,0.7056300001746622,1.2559897730566927,29.264694183511708,28.041776383424658,26.93563021961994,0.05666224338821278,0.2998832520823516,0.00551815808078913,0.006377462759039143,0.018745653714927767,0.02201215044127256
2020,1,PGI,-0.6053736192945136,-3.347320235860869e-10,-1.3657772829220694e-09,-0.23360535785642123,-0.37176826143809244,-1.6736601179304345e-10,-6.828886414610347e-10,-1.6736601179304345e-10,-6.828886414610347e-10,1.1397129576775766,0.11201845303001458,0.028406784717558108,1.1408848604733193,0.1308464034081124,0.45705892366500744,0.2157282074715265,0.002839626125214735,3.080210994723714,0.7549146352252027,0.7711236822639436,29.418593293353737,28.012444591881742,27.229501631291946,0.06277779107014998,0.39098430908241816,0.007032271040319664,0.00821424817543504,0.028693149616589465,0.035901086209401425
2020,1,PRE,-0.8209983944735656,-4.2844258740740387e-10,-2.362365478232332e-09,-0.5227594329483799,-0.2982389615251857,-2.1422129370370194e-10,-1.181182739116166e-09,-2.1422129370370194e-10,-1.181182739116166e-09,1.0171753241316919,0.05115253452273774,0.008887933949729539,1.0171753243933719,0.061429824511776664,0.28204708222830366,0.11944829654587266,0.013606194453455612,4.51384373931523,0.8186383134382783,0.2871238250152596,29.171766831456495,27.46450485815466,26.198823594431055,0.15099122777913682,0.1800756308826191,0.007723583991602854,0.009275364625290073,0.04258663523717473,0.05177647096985675
2020,1,PTI,-0.5530734316398976,-0.012349575099962108,-0.05072135795915965,-0.25785311563265034,-0.2952203160072473,-0.0010739201420776302,-0.004410733770592496,-0.011275654957884478,-0.04631062418856716,1.1463333539071092,0.14011843546277292,0.017356044258998286,1.148768315219319,0.16219289535082385,0.575485169672479,0.15909334214932655,0.010265525040686119,3.1071338526711965,0.7565212053292053,0.7614016006011557,29.694317951929996,28.28159252613745,27.729050705519494,0.04285152255344958,0.5016938439890598,0.006004288297387084,0.006950212513135116,0.024660415727395992,0.028806985134326453
2020,1,PVI,-0.48154777415869215,-8.473432450205212e-11,-2.780933493352519e-10,-0.17460183570758964,-0.3069459384511025,-4.236716225102606e-11,-1.3904667466762596e-10,-4.236716225102606e-11,-1.3904667466762596e-10,1.1628759555726944,0.04878352821489405,0.04473788610567942,1.1630171133182414,0.06055525573057732,0.16010483158264976,0.16399762425765332,0.006341303579851592,2.281944489077941,0.6953025856080371,0.6660311465746973,30.792402807945287,29.603966729168768,27.772040248263917,0.08173451203147064,0.12475150116763388,0.003987297873817844,0.004949454278079653,0.013086090283288667,0.019391838178438515
2020,1,VNR,-0.9234077670772907,-2.8455832973407053e-10,-6.979335078656144e-10,-0.7069258043651317,-0.21648196271215886,-1.4227916486703527e-10,-3.489667539328072e-10,-1.4227916486703527e-10,-3.489667539328072e-10,1.406660035927398,0.05874286358347867,0.010033904001209149,1.4163959839856952,0.0700722005173678,0.14407806259336398,0.10615394604182146,-0.0008824774861986666,1.452690485349197,0.5922844704729928,0.9874093766132457,29.580985317491773,28.683799738183385,26.7463997132362,0.05252906687001915,0.12230927121524213,0.003085707809312964,0.003680827306706204,0.0075682861844696215,0.008087274451866707
2020,2,ABI,-0.7146264442401662,-6.997894943328482e-10,-2.110961290502919e-09,-0.4728549850643986,-0.24177145917576756,-3.498947471664241e-10,-1.0554806452514594e-09,-3.498947471664241e-10,-1.0554806452514594e-09,1.392848113639378,0.1504510017755038,0.03767844656713614,1.3942730381548119,0.1614163921638952,0.4538453969907883,0.45430209420082535,0.01591754438899173,2.0165661353853657,0.6684972398683212,1.4290832459199025,28.681144008034913,27.577024864833106,26.78702619063444,0.19600818926943014,0.44701518035071447,0.029489628431788317,0.031638934746449326,0.08895741447243008,0.11137240656534082
2020,2,AIC,-0.5310123368807317,-8.40558816483175e-10,-2.4161047714607202e-09,-0.1907285851753606,-0.3402837517053711,-4.202794082415875e-10,-1.2080523857303601e-09,-4.202794082415875e-10,-1.2080523857303601e-09,1.1109395970872997,0.12762080571863618,0.21209347847565646,1.110939597732159,0.1762616702057339,0.3668336249503016,0.06883006843264264,0.06314312991289002,1.874402985349071,0.6521016694259525,0.5269501822392255,28.49785664710103,27.44201165168536,26.439164779958976,0.12654043305976603,0.33819627000197405,0.016149192023072488,0.02230422807967123,0.04641928576209496,0.04719272658630707
2020,2,BIC,-0.6945044192058336,-3.446723113762609e-10,-8.784342855506525e-10,-0.3738833047416358,-0.32062111446419783,-1.7233615568813045e-10,-4.3921714277532624e-10,-1.7233615568813045e-10,-4.3921714277532624e-10,1.2641849796843319,0.0844721163439792,0.06627624468604609,1.264227167358031,0.10998201159319107,0.21528623193805427,0.24582672352959437,0.024819748849581415,1.548607058231931,0.607628803832263,1.0291924833655846,29.38932943190391,28.453782473657128,26.917995648733246,0.19423043408934493,0.1873771408258929,0.01640705582593673,0.021361853853764864,0.04181513828278767,0.047774001459252584
2020,2,BLI,-0.7050932987786955,-9.657321186943964e-10,-2.908960511223102e-09,-0.4978271598432438,-0.20726613893545173,-4.828660593471982e-10,-1.454480255611551e-09,-4.828660593471982e-10,-1.454480255611551e-09,1.2500124666587913,0.11495942414771777,0.17371473144067115,1.2503276616890455,0.13802359114327603,0.3462786613028478,0.3531892187073945,0.044467114849751056,2.0121815925060225,0.6680147032011979,1.1855400132674327,28.359037089555766,27.256372491758835,26.19586104317839,0.14299250814766057,0.2879398492101977,0.0164383363940929,0.019736339481124267,0.04951525429770846,0.061974508355816915
2020,2,BMI,-0.4439767004709112,-3.391075173019069e-10,-9.150888570967897e-10,-0.20340845042049047,-0.24056825005042073,-1.6955375865095344e-10,-4.5754442854839485e-10,-1.6955375865095344e-10,-4.5754442854839485e-10,1.3118482560389695,0.15062720537544516,0.0739999048394132,1.3134044909261258,0.1822220920944035,0.40647072147322294,0.013275564892652372,0.026226347137759606,1.6985212960704954,0.6294266784345302,0.9928782797309097,29.405606358192223,28.412902403328943,27.512659024844552,0.05659346159251805,0.3851121002536081,0.008524514962203585,0.010312578970252912,0.02300358516417795,0.026689996968856457
2020,2,BVH,-1.1873239313141282,-0.004170673445858415,-0.028058000218474773,-0.2769853595093348,-0.9103385718047935,-0.0024412861205022523,-0.016423632152364143,-0.001729387325356163,-0.01163436806611063,4.340924364030411,0.059596770508695475,0.08621617783813511,4.347029662914406,0.08597435165662892,0.40093433870107287,-0.13413475628305438,0.021294812965531307,5.727450754107129,0.8513552850030902,83724293768.871,32.557105121626535,30.650908838122525,29.736951229151867,0.0659557974812679,0.38986611171914776,0.003930752526209118,0.005670506926447927,0.026443944046654035,0.020015921449201484
2020,2,MIG,-0.5556658783238095,-3.8423139928077365e-10,-1.406809214912435e-09,-0.25483182676094984,-0.30083405156285975,-1.9211569964038683e-10,-7.034046074562175e-10,-1.9211569964038683e-10,-7.034046074562175e-10,1.1920321397104774,0.10359288472923878,0.06347810031739352,1.1930215783100293,0.12130833828667607,0.3792907740212036,0.1762885002325451,0.02347624790158692,2.6613593203100554,0.726877393744759,1.1109829516542862,29.280678602081075,27.982844124627515,27.013391970346024,0.0968184791184206,0.3300812005909509,0.010029705546974757,0.01174488881729885,0.03672235588438149,0.04590402185440881
2020,2,PGI,-0.583466088800941,-3.210239473217087e-10,-1.3314923744292502e-09,-0.21509277742596686,-0.36837331137497414,-1.6051197366085436e-10,-6.657461872146251e-10,-1.6051197366085436e-10,-6.657461872146251e-10,1.1393060795113266,0.12237485627598636,0.036736333217636634,1.1404878790286435,0.142381998461957,0.5075670812497441,0.21806683918240652,0.005340179164628494,3.147641898798651,0.7588991469370472,0.7577660181933004,29.46040785287491,28.037867897285803,27.35974150028708,0.08797746741241629,0.42718424165251373,0.010766229930119716,0.012526407629801528,0.04465446635026461,0.05473676353088627
2020,2,PRE,-0.8003894092544401,-4.4454909623461244e-10,-2.29981296270584e-09,-0.5013219117994073,-0.2990674974550328,-2.2227454811730622e-10,-1.14990648135292e-09,-2.2227454811730622e-10,-1.14990648135292e-09,1.0353906083035918,0.041225699143703776,0.008853564568012687,1.0353906085791265,0.049357214193016995,0.21327542467269786,0.1579278255246731,0.015445213918169377,4.173361012733013,0.806702065148994,0.3494855969488827,29.134863073894834,27.491340497422765,25.946169622431142,0.20265532888426216,0.1367609834072983,0.008354607618450935,0.010002502475096832,0.04322140132997627,0.05577383138040538
2020,2,PTI,-0.5959495215822854,-0.024748946366239536,-0.10387403158430307,-0.27883570719900275,-0.31711381438328273,-0.001143518700904893,-0.004799472910776861,-0.023605427665334643,-0.09907455867352621,1.1447024641287837,0.14746867807451297,0.025293609372218067,1.1471104646825834,0.16905583598727328,0.618942152014324,0.12672454255808316,0.011682716617827433,3.197109244456541,0.7617407740051607,0.8834443612192703,29.707087560066554,28.272691546876693,27.792948082277206,0.05963310411718903,0.49495126651657895,0.008794015033641663,0.010081324269047499,0.03690944179358722,0.0408752561029068
2020,2,PVI,-0.49102966443516494,-8.829900753276087e-11,-2.7344771041178494e-10,-0.18120339162720286,-0.3098262728079621,-4.4149503766380435e-11,-1.3672385520589247e-10,-4.4149503766380435e-11,-1.3672385520589247e-10,1.2023773673152922,0.04874856254897601,0.059230057850318346,1.2024916219755994,0.06011354416235546,0.15096639461023825,0.22486440462411167,0.02551207690135843,2.0968378700103716,0.6770899730709341,0.8213051811383886,30.751194707643464,29.620813158681326,27.730115139495606,0.32437832607613143,0.11717366195785259,0.01581297711825443,0.019499530829888468,0.04897022637741779,0.05791902208038057
2020,2,VNR,-0.9641741234498126,-2.710542090170487e-10,-6.763885785612797e-10,-0.7419979479975226,-0.22217617545229,-1.3552710450852436e-10,-3.3819428928063983e-10,-1.3552710450852436e-10,-3.3819428928063983e-10,1.2836580398986726,0.062353228094966975,0.012549342299683384,1.2928211017774538,0.08053619690966037,0.15559622362185582,0.03519907970415706,0.025948908941185185,1.4953996509190393,0.599262587204536,0.8502495536497607,29.629604741321675,28.71515584421668,26.854664906901903,0.211920276016477,0.13332819842139737,0.013213913308403751,0.01706725307841257,0.032973994657065166,0.040362868290705664
2020,3,ABI,-0.7394567454287513,-6.956465963688934e-10,-2.0223125304005065e-09,-0.4614677502971417,-0.2779889951316096,-3.478232981844467e-10,-1.0111562652002532e-09,-3.478232981844467e-10,-1.0111562652002532e-09,1.4179125327904687,0.1507336338001957,0.040473152769513264,1.419362920137579,0.161883806917171,0.43819738065000025,0.4167810316175422,0.015952146427880703,1.9070975707442364,0.6560142975373223,1.4830871163342871,28.68708180792972,27.619926622848737,26.794840793488422,0.16384568659152615,0.43193846787477486,0.024697055722428737,0.026523963492393932,0.07179675069520762,0.0897745025943405
2020,3,AIC,-0.4533437245112756,-7.950573114835888e-10,-2.413529222740362e-09,-0.1400540836253287,-0.3132896408859469,-3.975286557417944e-10,-1.206764611370181e-09,-3.975286557417944e-10,-1.206764611370181e-09,1.11446012646261,0.11579538826649438,0.1759293342942163,1.114460127055695,0.15501559113179494,0.3515162358776942,0.012012559068244298,0.0224626916498083,2.0356669737891977,0.67058310129725,0.5407078429132628,28.553509373498187,27.443078212409258,26.397578833874814,0.0028496107095069985,0.32008070847822245,0.00032997177851572343,0.00044173408862972096,0.0010016844303226656,0.0002290655599746858
2020,3,BIC,-0.6442038578725886,-3.4630255859094644e-10,-8.506707098710808e-10,-0.3295885129596114,-0.31461534491297727,-1.7315127929547322e-10,-4.253353549355404e-10,-1.7315127929547322e-10,-4.253353549355404e-10,1.2668470071591473,0.08317875316036931,0.030022226698922672,1.2668981486280027,0.11075429394163747,0.204323436953586,0.2313883967251427,0.01898651489499498,1.4564378424818267,0.5929064506718132,1.0255505518461354,29.384610735724124,28.48589846670211,26.89784740128787,0.15735850714716598,0.1834396987040131,0.013088884423678327,0.01742813035479448,0.03215203101419438,0.03952524332134757
2020,3,BLI,-0.5939918187228537,-9.753266991313354e-10,-2.7550192291139807e-09,-0.34558435175595686,-0.24840746696689675,-4.876633495656677e-10,-1.3775096145569904e-09,-4.876633495656677e-10,-1.3775096145569904e-09,1.3503491544457225,0.11198140458590265,0.06857022988074678,1.3507182231363604,0.12871630821717162,0.31631546969043944,0.29550063983449365,0.026156911367078636,1.824714253765133,0.645981890498455,1.2079576242107115,28.34915108456608,27.31074387419328,26.15972863261144,0.16730034690690007,0.2541597393947809,0.018734527834343442,0.021534283017308285,0.052919687811229556,0.06614960820359514
2020,3,BMI,-0.5504700689488475,-3.2046147954434366e-10,-8.912210094553704e-10,-0.20123966011617675,-0.34923040883267076,-1.6023073977217183e-10,-4.456105047276852e-10,-1.6023073977217183e-10,-4.456105047276852e-10,1.2931907483322607,0.1450852722258114,0.0749423255585599,1.294601061170703,0.1750096317035298,0.40349012603339324,0.061454699777589036,0.021272179503291196,1.781055029523598,0.6404242313136456,0.9397690861077416,29.46216149496233,28.439331132231484,27.531727869862895,0.07427258719775644,0.3804636749315546,0.01077585853250181,0.012998418131147656,0.029968255569248935,0.035154996052079106
2020,3,BVH,-1.1098380170028959,-0.0048668051602757095,-0.0337246267259464,-0.24376739564513006,-0.8660706213577657,-0.002125539456039685,-0.014728969495493143,-0.0027412657042360246,-0.01899565723045326,4.233683951705409,0.06026629022902448,0.13481877881254445,4.239099598993102,0.08745342437503421,0.41761650100992753,-0.06241542006850525,0.015107313200652077,5.929520622936931,0.8556898731652564,88591682792.081,32.60748546901991,30.671694832390124,29.798503103108423,0.054177436550898496,0.4063593850048625,0.003265073115041008,0.004738002350237216,0.02262539148607359,0.017621265332981046
2020,3,MIG,-0.6172669495340481,-3.78166913092772e-10,-1.3896653203747896e-09,-0.2773619469024819,-0.3399050026315662,-1.89083456546386e-10,-6.948326601873948e-10,-1.89083456546386e-10,-6.948326601873948e-10,1.1686022419847064,0.10713672594090796,0.048753199408910465,1.1693186689748418,0.1280338619569505,0.39369967975504394,0.15272722955346443,0.01570611249210316,2.674740629764922,0.7278719504990012,1.049892917601425,29.29658790828546,27.995105355046043,27.062938460589454,0.030953461333794414,0.33808064855369463,0.0033162525038412235,0.003963091195500839,0.012186367814424996,0.015332535374334383
2020,3,PGI,-0.6100138979238093,-3.240126854447058e-10,-1.3077647901024574e-09,-0.23973023149572337,-0.37028366642808597,-1.620063427223529e-10,-6.538823950512287e-10,-1.620063427223529e-10,-6.538823950512287e-10,1.1161457338735659,0.107928744867168,0.03421606326894379,1.11738316215818,0.12920166642730174,0.4356169332799803,0.17416971150863148,0.0042255850153913605,3.036153054648329,0.7522393262940495,0.7400656845459809,29.45114090783763,28.055848883704464,27.224856868487425,0.04090817345255786,0.3808388283546962,0.004415167815542973,0.005285404180567581,0.017820293065488758,0.02186990433503661
2020,3,PRE,-0.8267916609895009,-4.4188143940439334e-10,-2.2161614995393654e-09,-0.5023608068875415,-0.3244308541019594,-2.2094071970219667e-10,-1.1080807497696827e-09,-2.2094071970219667e-10,-1.1080807497696827e-09,1.0267965195699715,0.043593842231018004,0.009576659975928423,1.026796519845937,0.053029800589901394,0.21863555731056766,0.11542572996388506,0.014686593964809773,4.015285327499845,0.800609549666737,0.37737793720680546,29.140881966016458,27.528391651405485,26.008042594181425,0.16636433574635034,0.16091772148929026,0.007252460605394506,0.008822267549900363,0.03637315926250571,0.04512690973456409
2020,3,PTI,-0.7113844685272384,-0.02976343984909028,-0.12326133238285464,-0.281183204817467,-0.43020126370977135,-1.2468973491579616e-10,-5.163859734665633e-10,-0.029763439724400546,-0.12326133186646866,1.1884014234140319,0.13877355995785037,0.02377104094166795,1.1907592684254997,0.15448431585552824,0.5747122639938888,0.1692806667996293,0.010164895395231001,3.1413671607793723,0.7585338461485728,0.9319879940485529,29.712947863850427,28.291921898455502,27.738036124578212,0.04162993746468446,0.5003347486789997,0.005777134622796951,0.006431172408340204,0.02392523561025282,0.02951206990914596
2020,3,PVI,-0.5478433052422702,-8.679763603396402e-11,-2.86432397744721e-10,-0.19659323964454792,-0.3512500655977223,-4.339881801698201e-11,-1.432161988723605e-10,-4.339881801698201e-11,-1.432161988723605e-10,1.131063042511726,0.04670759340962477,0.05869780706459764,1.1311587827395533,0.05947101942521313,0.15413516524769527,0.17329184383410978,0.014378704494081254,2.300002290761003,0.6969699073240967,0.71555364416526,30.768344188806946,29.574421026164753,27.704495661059582,0.16019132364843186,0.15055769899480714,0.007482151212720565,0.009526741320446496,0.024691116141798083,0.03221886040859242
2020,3,VNR,-0.978587489035823,-2.853189250832663e-10,-6.51395084000557e-10,-0.6310329773610681,-0.3475545116747549,-1.4265946254163315e-10,-3.256975420002785e-10,-1.4265946254163315e-10,-3.256975420002785e-10,1.3294853903184265,0.04240871767880363,0.043945914853295985,1.3397685283070113,0.05635164480464856,0.09682088283025138,0.0830710058375339,0.03521863094947065,1.2830419812161307,0.5619879055104715,0.8115617869720088,29.57831598547548,28.75280722947835,26.417914653229474,0.39020599350045565,0.08015188319326931,0.016548135814937907,0.02198874954638268,0.03778008877636945,0.04629936549366441
2020,4,ABI,-0.7453377803759054,-6.693130809177763e-10,-1.914095644690136e-09,-0.4048910063050443,-0.3404467740708611,-3.3465654045888817e-10,-9.57047822345068e-10,-3.3465654045888817e-10,-9.57047822345068e-10,1.4395196427695842,0.14790328656626694,0.030093077277026335,1.4404595743496558,0.15788718756961825,0.4229725142434905,0.3225716382046276,0.014555847442006989,1.8597911788388886,0.6503241189778015,1.45706205292817,28.725671641377854,27.674923033603772,26.814474953408965,0.1265128420201838,0.41610901314159865,0.018711665127624105,0.019974756818006242,0.05351145487336666,0.06691850241361594
2020,4,AIC,-0.8220063756266383,-6.847556805932124e-10,-1.9323335990478423e-09,-0.4060554955002998,-0.4159508801263385,-3.423778402966062e-10,-9.661667995239212e-10,-3.423778402966062e-10,-9.661667995239212e-10,1.339233807675567,0.12468072327699296,0.1761886139730158,1.3392338082064246,0.14434948858247007,0.3518404557564295,-0.04468006919132424,0.1743353079511728,1.8219314622900795,0.6456327825947725,0.5927956448069971,28.70286147149736,27.66543990528935,26.62086244846421,0.01760000897297584,0.33469889560982996,0.002194381848432194,0.0025405522942959467,0.0061923951783690685,0.007724134202956358
2020,4,BIC,-0.6730516465505822,-3.4414241561117544e-10,-8.30810672407226e-10,-0.35993905857789504,-0.31311258797268715,-1.7207120780558772e-10,-4.15405336203613e-10,-1.7207120780558772e-10,-4.15405336203613e-10,1.2263291921486925,0.0921345013897315,0.028811035947634074,1.2263716831041689,0.1282784977262714,0.22242630835134297,0.2753612796156042,0.019469082346091817,1.414147849028601,0.585775162692551,0.9603803814303815,29.390868004901424,28.509521637610852,27.00636220695577,0.09892658692023466,0.2044565516634479,0.009114551760083755,0.012690153955315113,0.022003875526466047,0.03722272977844666
2020,4,BLI,-0.7428438417229799,-8.800086740842476e-10,-2.8976766927180925e-09,-0.3584633627977595,-0.3843804789252204,-4.400043370421238e-10,-1.4488383463590463e-09,-4.400043370421238e-10,-1.4488383463590463e-09,1.2161648515235781,0.11252047232599746,0.15896801553101508,1.2164927752776853,0.13316416171709672,0.37050538217928947,-0.07039595190212383,0.03905786655185594,2.292781966874889,0.6963054310732031,1.0344945947100994,28.45199181113304,27.260259021022605,26.2673717134708,-0.17731432494695457,0.3090097507362387,-0.019951491593196723,-0.023611913441994092,-0.06569591173033412,-0.06410273870948408
2020,4,BMI,-0.558501675721019,-2.982940313095301e-10,-8.795558198128405e-10,-0.19073605723049122,-0.3677656184905278,-1.4914701565476506e-10,-4.3977790990642023e-10,-1.4914701565476506e-10,-4.3977790990642023e-10,1.2594124941556748,0.13840987510357045,0.03378729110199497,1.260585465851395,0.16615192935979067,0.40811815989904576,0.019418697954277794,0.01718352434696913,1.9486202454388157,0.6608583280444853,0.7795576731392178,29.533843893169454,28.45250654564033,27.55630800672987,0.03779153733716663,0.3847971934031124,0.0052307219628091525,0.006279136842042801,0.015423412677800527,0.019165269062244642
2020,4,BVH,-1.1108517171576031,-0.00822147411530024,-0.05830295720251672,-0.24572051523201416,-0.865131201925589,-0.002142199051380296,-0.015191501896170138,-0.006079275063919943,-0.04311145530634658,4.480978340128587,0.06555683685643796,0.32787225070722054,4.486879724169474,0.10405507978088385,0.46489928691257476,-0.0619958798894913,0.01586180039078289,6.0915454314955975,0.8589870135275857,80534762818.938,32.62337991965126,30.664476629447346,29.898542145309367,0.04914854261883246,0.4433281955019916,0.0032220229901944873,0.005114155523316782,0.0228491224162875,0.01851893835701463
2020,4,MIG,-0.4801406354298762,-3.621146454879342e-10,-1.3028454087746977e-09,-0.24912662752193782,-0.23101400790793833,-1.810573227439671e-10,-6.514227043873488e-10,-1.810573227439671e-10,-6.514227043873488e-10,1.0532661880702,0.14578200386754975,0.003098181417913356,1.0539202084721326,0.1958413150531839,0.5245063042531402,0.2252383510293642,0.021637845636461678,2.597881016436572,0.7220586241091363,0.9186312159325614,29.339962713540885,28.059617647921055,27.414319816251442,0.11911279268672348,0.4281343169309196,0.017364501604130573,0.023327205959425192,0.0624754106813838,0.07802808219460544
2020,4,PGI,-0.608446958229612,-3.273201298519715e-10,-1.351601627905157e-09,-0.2145850154374743,-0.39386194279213776,-1.6366006492598575e-10,-6.758008139525785e-10,-1.6366006492598575e-10,-6.758008139525785e-10,1.1175201998392739,0.13469510629815332,0.023884922112884448,1.1187554353218998,0.16008500133665007,0.5561959327884143,0.17826036889963748,0.005615683895823657,3.1292957708296476,0.7578279552982754,0.7639003394373056,29.440984893098918,28.02287801620302,27.436243366495656,0.04752841917169703,0.4898669075678892,0.0064018454725149184,0.007608587046629983,0.026435113435160782,0.032923651168075
2020,4,PRE,-0.9098202353656629,-4.4176991705065544e-10,-2.122815330736617e-09,-0.6558999077815364,-0.2539203275841265,-2.2088495852532772e-10,-1.0614076653683086e-09,-2.2088495852532772e-10,-1.0614076653683086e-09,1.089354725756899,0.03338968922486252,0.01525364549049434,1.0893547260358314,0.03870578004108579,0.16044583716401392,0.06631162333020578,0.029259553561953193,3.8052509888155313,0.7918943251190101,0.4225234579406533,29.141134378585093,27.571425102601847,25.741626246083715,0.2625225647704287,0.09665032464052044,0.008765546852198455,0.010161140647825908,0.04212065267903549,0.05073349337663165
2020,4,PTI,-0.6084582312502305,-2.568251222331979e-10,-9.963477324084542e-10,-0.2627885669130332,-0.3456696643371973,-1.2841256111659894e-10,-4.981738662042271e-10,-1.2841256111659894e-10,-4.981738662042271e-10,1.122155350754218,0.1723473913466241,0.05018710811478234,1.1225078036426852,0.20805410814601,0.6686181284041249,0.13937213000607473,0.014688089161284302,2.8794792493226886,0.7422334453330075,0.7765329226978301,29.683528180428777,28.327827249893204,27.925285058505146,0.052748196439438885,0.5410427726450598,0.009091014054576579,0.010974478966517997,0.035268400380030755,0.04156399485814953
2020,4,PVI,-0.6462612608807472,-8.977093604041169e-11,-2.782990639109792e-10,-0.29459080517681807,-0.3516704557039291,-4.4885468020205845e-11,-1.391495319554896e-10,-4.4885468020205845e-11,-1.391495319554896e-10,1.2122477261113977,0.05366601032317632,0.07608173730488256,1.2123116011732005,0.06561227313754302,0.1663701092528836,0.16515004767990693,0.030292257772004973,2.1001020618265454,0.6774299748664367,0.8085180410560313,30.734662304660354,29.603227270541353,27.809686871916856,0.17068791757436827,0.13991282003150726,0.009160139546587516,0.011199222269167879,0.028397367494994833,0.03421689710345736
2020,4,VNR,-1.002297226292546,-2.867079364368474e-10,-6.358728400485487e-10,-0.6639788331977549,-0.3383183930947913,-1.433539682184237e-10,-3.1793642002427436e-10,-1.433539682184237e-10,-3.1793642002427436e-10,1.2684940253706118,0.057574122084486735,0.014474991702323298,1.278005181453402,0.08207386197708935,0.12769029339802887,0.021215660166264923,0.022773240806368295,1.2178417798651042,0.5491112084375906,0.7015990274738907,29.57345952093847,28.776924969151164,26.71877743933991,0.1889499455489939,0.110966605253169,0.010878627232894894,0.015507851751566671,0.024127073984692604,0.029414183258037213
